E0827 13:28:19.611895 2333580 cuda_executor.cc:1182] [0] Failed to allocate device memory of 4.00GiB (4294967296 bytes): RESOURCE_EXHAUSTED: : CUDA_ERROR_OUT_OF_MEMORY: out of memory
[cube-prod-memprobe] wall=1016.269s steps=4 lin_iters=37
  nonlinear_solve     954.059s   93.9%  calls=9  per_step=238514.672 ms
  solver              870.083s   85.6%  calls=37  per_step=217520.679 ms
  assembly             73.658s    7.2%  calls=107  per_step=18414.612 ms
  local_assembly       45.716s    4.5%  calls=65  per_step=11428.932 ms
  python_overhead      42.712s    4.2%  calls=0  per_step=10677.951 ms
  global_matrix        27.943s    2.7%  calls=42  per_step=6985.680 ms
  cell_jacobian        25.001s    2.5%  calls=42  per_step=6250.156 ms
  setup                10.203s    1.0%  calls=1  per_step=2550.713 ms
  cell_residual         9.099s    0.9%  calls=55  per_step=2274.794 ms
  io                    8.167s    0.8%  calls=5  per_step=2041.773 ms
  nonlinear_solve_overhead      7.589s    0.7%  calls=9  per_step=1897.230 ms
  residual_vector       2.107s    0.2%  calls=65  per_step=526.630 ms
  residual_bc           2.095s    0.2%  calls=65  per_step=523.709 ms
  residual_scatter      0.835s    0.1%  calls=97  per_step=208.839 ms
  material              0.695s    0.1%  calls=8  per_step=173.838 ms
  bc_initial_guess      0.622s    0.1%  calls=37  per_step=155.521 ms
  face_jacobian         0.385s    0.0%  calls=42  per_step=96.277 ms
  dof_to_quad           0.270s    0.0%  calls=12  per_step=67.586 ms
  face_residual         0.175s    0.0%  calls=55  per_step=43.625 ms
  history               0.066s    0.0%  calls=4  per_step=16.555 ms
  quad_state            0.057s    0.0%  calls=19  per_step=14.306 ms
  postprocess           0.038s    0.0%  calls=9  per_step=9.489 ms
  residual_flatten      0.011s    0.0%  calls=65  per_step=2.790 ms
  activation            0.001s    0.0%  calls=4  per_step=0.350 ms
Traceback (most recent call last):
  File "<frozen runpy>", line 198, in _run_module_as_main
  File "<frozen runpy>", line 88, in _run_code
  File "/home/user/work/d11_B_tree/jax_fem_am/simulation/runner.py", line 925, in <module>
    raise SystemExit(main())
                     ~~~~^^
  File "/home/user/work/d11_B_tree/jax_fem_am/simulation/runner.py", line 891, in main
    result = v04.main(argv)
  File "/home/user/work/d11_B_tree/jax_fem_am/simulation/acceleration.py", line 3290, in main
    rc = base.main()
  File "/home/user/work/d11_B_tree/jax_fem_am/simulation/runner.py", line 881, in base_main_with_phase_refresh
    return original_base_main(*main_args, **main_kwargs)
  File "/home/user/work/d11_B_tree/jax_fem_am/simulation/stepper.py", line 1271, in main
    u_release = run_mechanics(release_mechanics, u_guess, mechanics_params, mechanics_newton_overrides)
  File "/home/user/work/d11_B_tree/jax_fem_am/simulation/runner.py", line 805, in run_mechanics_with_state
    eqp_new = mechanics.compute_eqp_update(solution[0], params)
  File "/home/user/work/d11_B_tree/jax_fem_am/simulation/runner.py", line 668, in compute_eqp_update
    eqp_new, eps_p_new = jax.vmap(jax.vmap(one_quad))(
                         ~~~~~~~~~~~~~~~~~~~~~~~~~~~~^
        self._u_grads(sol),
        ^^^^^^^^^^^^^^^^^^^
    ...<11 lines>...
        selector,
        ^^^^^^^^^
    )
    ^
  File "/home/user/work/d11_B_tree/jax_fem_am/simulation/runner.py", line 642, in one_quad
    _, delta_eqp, delta_eps_p = self._return_map(
                                ~~~~~~~~~~~~~~~~^
        u_grad,
        ^^^^^^^
    ...<11 lines>...
        flow_curve_active=flow_curve_active,
        ^^^^^^^^^^^^^^^^^^^^^^^^^^^^^^^^^^^^
    )
    ^
  File "/home/user/work/d11_B_tree/jax_fem_am/simulation/runner.py", line 463, in _return_map
    update = BaseMech._material_point_update(
        self,
    ...<12 lines>...
        flow_curve_active=flow_curve_active,
    )
  File "/home/user/work/d11_B_tree/jax_fem_am/physics/mechanics.py", line 130, in _material_point_update
    return radial_return(
        strain=strain,
    ...<12 lines>...
        flow_curve_active=curve_selector,
    )
  File "/home/user/work/d11_B_tree/jax_fem_am/materials/j2.py", line 282, in radial_return
    curve_delta_eqp = _plastic_increment_from_curve(
        q_trial,
    ...<4 lines>...
        saturation,
    )
  File "/home/user/work/d11_B_tree/jax_fem_am/materials/j2.py", line 203, in _plastic_increment_from_curve
    current_curve_yield = flow_stress_from_curve(
        temperature,
    ...<3 lines>...
        flow_curve.stresses,
    )
  File "/home/user/work/d11_B_tree/jax_fem_am/materials/j2.py", line 79, in flow_stress_from_curve
    return _interpolate_clamped(
        equivalent_plastic_strain,
        plastic_strains,
        stress_at_temperature,
    )
  File "/home/user/work/d11_B_tree/jax_fem_am/materials/j2.py", line 53, in _interpolate_clamped
    x1 = knots[upper]
         ~~~~~^^^^^^^
  File "/home/user/miniconda3/envs/jax-fem-gpu/lib/python3.13/site-packages/jax/_src/array.py", line 342, in __getitem__
    return indexing.rewriting_take(self, idx)
           ~~~~~~~~~~~~~~~~~~~~~~~^^^^^^^^^^^
  File "/home/user/miniconda3/envs/jax-fem-gpu/lib/python3.13/site-packages/jax/_src/numpy/indexing.py", line 1137, in rewriting_take
    return _dynamic_slice(arr, dynamic_slice_indexer)
  File "/home/user/miniconda3/envs/jax-fem-gpu/lib/python3.13/site-packages/jax/_src/numpy/indexing.py", line 1183, in _dynamic_slice
    result = slicing.dynamic_slice(
      arr,
      start_indices=indexer.start_indices,
      slice_sizes=indexer.slice_sizes,
      allow_negative_indices=indexer.normalize_indices)
jax.errors.JaxRuntimeError: RESOURCE_EXHAUSTED: Error recording CUDA event: CUDA_ERROR_OUT_OF_MEMORY: out of memory
--------------------
For simplicity, JAX has removed its internal frames from the traceback of the following exception. Set JAX_TRACEBACK_FILTERING=off to include these.
[v07-pardiso phase23] {'solves': 37, 'analyze_calls': 2, 'pattern_rebuilds': 0, 'backsolve_hits': 0, 'transpose_backsolves': 0, 'ir_steps_total': 0, 'ir_steps_max': 0}
E0827 13:44:23.590470 2333580 cuda_executor.cc:278] [0] failed to unload module 0x5b29900523f0; leaking: RESOURCE_EXHAUSTED: : CUDA_ERROR_OUT_OF_MEMORY: out of memory
E0827 13:44:23.626325 2333580 cuda_executor.cc:278] [0] failed to unload module 0x5b298a005920; leaking: RESOURCE_EXHAUSTED: : CUDA_ERROR_OUT_OF_MEMORY: out of memory
E0827 13:44:23.652857 2333580 cuda_executor.cc:278] [0] failed to unload module 0x5b292ba1b6e0; leaking: RESOURCE_EXHAUSTED: : CUDA_ERROR_OUT_OF_MEMORY: out of memory
E0827 13:44:23.656157 2333580 cuda_executor.cc:278] [0] failed to unload module 0x5b29895c40d0; leaking: RESOURCE_EXHAUSTED: : CUDA_ERROR_OUT_OF_MEMORY: out of memory
E0827 13:44:23.686319 2333580 cuda_executor.cc:278] [0] failed to unload module 0x5b2948b7f580; leaking: RESOURCE_EXHAUSTED: : CUDA_ERROR_OUT_OF_MEMORY: out of memory
E0827 13:44:23.703556 2333580 cuda_executor.cc:278] [0] failed to unload module 0x5b292bb8f130; leaking: RESOURCE_EXHAUSTED: : CUDA_ERROR_OUT_OF_MEMORY: out of memory
E0827 13:44:23.705347 2333580 cuda_executor.cc:278] [0] failed to unload module 0x5b298a181880; leaking: RESOURCE_EXHAUSTED: : CUDA_ERROR_OUT_OF_MEMORY: out of memory
E0827 13:44:23.730719 2333580 cuda_executor.cc:278] [0] failed to unload module 0x5b292463cbc0; leaking: RESOURCE_EXHAUSTED: : CUDA_ERROR_OUT_OF_MEMORY: out of memory
E0827 13:44:23.737385 2333580 cuda_executor.cc:278] [0] failed to unload module 0x5b297befb280; leaking: RESOURCE_EXHAUSTED: : CUDA_ERROR_OUT_OF_MEMORY: out of memory
E0827 13:44:23.738531 2333580 cuda_executor.cc:278] [0] failed to unload module 0x5b298b4728b0; leaking: RESOURCE_EXHAUSTED: : CUDA_ERROR_OUT_OF_MEMORY: out of memory
E0827 13:44:23.761245 2333580 cuda_executor.cc:278] [0] failed to unload module 0x5b298e00f7c0; leaking: RESOURCE_EXHAUSTED: : CUDA_ERROR_OUT_OF_MEMORY: out of memory
E0827 13:44:23.793790 2333580 cuda_executor.cc:278] [0] failed to unload module 0x5b298c4ee560; leaking: RESOURCE_EXHAUSTED: : CUDA_ERROR_OUT_OF_MEMORY: out of memory
E0827 13:44:23.816800 2333580 cuda_executor.cc:278] [0] failed to unload module 0x5b2989e74c20; leaking: RESOURCE_EXHAUSTED: : CUDA_ERROR_OUT_OF_MEMORY: out of memory
E0827 13:44:23.820099 2333580 cuda_executor.cc:278] [0] failed to unload module 0x5b298af66fd0; leaking: RESOURCE_EXHAUSTED: : CUDA_ERROR_OUT_OF_MEMORY: out of memory
E0827 13:44:23.821485 2333580 cuda_executor.cc:278] [0] failed to unload module 0x5b2988776030; leaking: RESOURCE_EXHAUSTED: : CUDA_ERROR_OUT_OF_MEMORY: out of memory
E0827 13:44:23.854674 2333580 cuda_executor.cc:278] [0] failed to unload module 0x5b298e4d4110; leaking: RESOURCE_EXHAUSTED: : CUDA_ERROR_OUT_OF_MEMORY: out of memory
E0827 13:44:23.859489 2333580 cuda_executor.cc:278] [0] failed to unload module 0x5b298abaf6a0; leaking: RESOURCE_EXHAUSTED: : CUDA_ERROR_OUT_OF_MEMORY: out of memory
E0827 13:44:23.861747 2333580 cuda_executor.cc:278] [0] failed to unload module 0x5b29896211d0; leaking: RESOURCE_EXHAUSTED: : CUDA_ERROR_OUT_OF_MEMORY: out of memory
E0827 13:44:23.862672 2333580 cuda_executor.cc:278] [0] failed to unload module 0x5b298b2f04e0; leaking: RESOURCE_EXHAUSTED: : CUDA_ERROR_OUT_OF_MEMORY: out of memory
E0827 13:44:23.863527 2333580 cuda_executor.cc:278] [0] failed to unload module 0x5b29887015d0; leaking: RESOURCE_EXHAUSTED: : CUDA_ERROR_OUT_OF_MEMORY: out of memory
E0827 13:44:23.864712 2333580 cuda_executor.cc:278] [0] failed to unload module 0x5b298ac82fc0; leaking: RESOURCE_EXHAUSTED: : CUDA_ERROR_OUT_OF_MEMORY: out of memory
E0827 13:44:23.867359 2333580 cuda_executor.cc:278] [0] failed to unload module 0x5b2968285ae0; leaking: RESOURCE_EXHAUSTED: : CUDA_ERROR_OUT_OF_MEMORY: out of memory
E0827 13:44:23.884974 2333580 cuda_executor.cc:278] [0] failed to unload module 0x5b298c376630; leaking: RESOURCE_EXHAUSTED: : CUDA_ERROR_OUT_OF_MEMORY: out of memory
E0827 13:44:23.899656 2333580 cuda_executor.cc:278] [0] failed to unload module 0x5b298e19a5c0; leaking: RESOURCE_EXHAUSTED: : CUDA_ERROR_OUT_OF_MEMORY: out of memory
E0827 13:44:23.901869 2333580 cuda_executor.cc:278] [0] failed to unload module 0x5b298aa37ee0; leaking: RESOURCE_EXHAUSTED: : CUDA_ERROR_OUT_OF_MEMORY: out of memory
E0827 13:44:23.921012 2333580 cuda_executor.cc:278] [0] failed to unload module 0x5b2947956b50; leaking: RESOURCE_EXHAUSTED: : CUDA_ERROR_OUT_OF_MEMORY: out of memory
E0827 13:44:23.922232 2333580 cuda_executor.cc:278] [0] failed to unload module 0x5b29887667d0; leaking: RESOURCE_EXHAUSTED: : CUDA_ERROR_OUT_OF_MEMORY: out of memory
E0827 13:44:23.923560 2333580 cuda_executor.cc:278] [0] failed to unload module 0x5b298974f3a0; leaking: RESOURCE_EXHAUSTED: : CUDA_ERROR_OUT_OF_MEMORY: out of memory
E0827 13:44:23.941683 2333580 cuda_executor.cc:278] [0] failed to unload module 0x5b298e40eb10; leaking: RESOURCE_EXHAUSTED: : CUDA_ERROR_OUT_OF_MEMORY: out of memory
E0827 13:44:23.942146 2333580 cuda_executor.cc:278] [0] failed to unload module 0x5b298e4d6310; leaking: RESOURCE_EXHAUSTED: : CUDA_ERROR_OUT_OF_MEMORY: out of memory
E0827 13:44:23.942332 2333580 cuda_executor.cc:278] [0] failed to unload module 0x5b298e485d90; leaking: RESOURCE_EXHAUSTED: : CUDA_ERROR_OUT_OF_MEMORY: out of memory
E0827 13:44:23.947664 2333580 cuda_executor.cc:278] [0] failed to unload module 0x5b2988e10ce0; leaking: RESOURCE_EXHAUSTED: : CUDA_ERROR_OUT_OF_MEMORY: out of memory
E0827 13:44:23.964947 2333580 cuda_executor.cc:278] [0] failed to unload module 0x5b2990123f40; leaking: RESOURCE_EXHAUSTED: : CUDA_ERROR_OUT_OF_MEMORY: out of memory
E0827 13:44:23.968287 2333580 cuda_executor.cc:278] [0] failed to unload module 0x5b2989d0cdf0; leaking: RESOURCE_EXHAUSTED: : CUDA_ERROR_OUT_OF_MEMORY: out of memory
E0827 13:44:23.969221 2333580 cuda_executor.cc:278] [0] failed to unload module 0x5b2968224920; leaking: RESOURCE_EXHAUSTED: : CUDA_ERROR_OUT_OF_MEMORY: out of memory
E0827 13:44:23.985621 2333580 cuda_executor.cc:278] [0] failed to unload module 0x5b29900cf5d0; leaking: RESOURCE_EXHAUSTED: : CUDA_ERROR_OUT_OF_MEMORY: out of memory
E0827 13:44:23.988896 2333580 cuda_executor.cc:278] [0] failed to unload module 0x5b29893ff780; leaking: RESOURCE_EXHAUSTED: : CUDA_ERROR_OUT_OF_MEMORY: out of memory
E0827 13:44:24.009070 2333580 cuda_executor.cc:278] [0] failed to unload module 0x5b298d981c70; leaking: RESOURCE_EXHAUSTED: : CUDA_ERROR_OUT_OF_MEMORY: out of memory
E0827 13:44:24.035671 2333580 cuda_executor.cc:278] [0] failed to unload module 0x5b2951621900; leaking: RESOURCE_EXHAUSTED: : CUDA_ERROR_OUT_OF_MEMORY: out of memory
E0827 13:44:24.039117 2333580 cuda_executor.cc:278] [0] failed to unload module 0x5b297cf632d0; leaking: RESOURCE_EXHAUSTED: : CUDA_ERROR_OUT_OF_MEMORY: out of memory
E0827 13:44:24.062536 2333580 cuda_executor.cc:278] [0] failed to unload module 0x5b29491e9ed0; leaking: RESOURCE_EXHAUSTED: : CUDA_ERROR_OUT_OF_MEMORY: out of memory
E0827 13:44:24.065480 2333580 cuda_executor.cc:278] [0] failed to unload module 0x5b29682bf020; leaking: RESOURCE_EXHAUSTED: : CUDA_ERROR_OUT_OF_MEMORY: out of memory
E0827 13:44:24.067018 2333580 cuda_executor.cc:278] [0] failed to unload module 0x5b296813f180; leaking: RESOURCE_EXHAUSTED: : CUDA_ERROR_OUT_OF_MEMORY: out of memory
E0827 13:44:24.077875 2333580 cuda_executor.cc:278] [0] failed to unload module 0x5b298e799250; leaking: RESOURCE_EXHAUSTED: : CUDA_ERROR_OUT_OF_MEMORY: out of memory
E0827 13:44:24.079469 2333580 cuda_executor.cc:278] [0] failed to unload module 0x5b298af61540; leaking: RESOURCE_EXHAUSTED: : CUDA_ERROR_OUT_OF_MEMORY: out of memory
E0827 13:44:24.080829 2333580 cuda_executor.cc:278] [0] failed to unload module 0x5b298894fc50; leaking: RESOURCE_EXHAUSTED: : CUDA_ERROR_OUT_OF_MEMORY: out of memory
E0827 13:44:24.097086 2333580 cuda_executor.cc:278] [0] failed to unload module 0x5b298ec9dd90; leaking: RESOURCE_EXHAUSTED: : CUDA_ERROR_OUT_OF_MEMORY: out of memory
E0827 13:44:24.099386 2333580 cuda_executor.cc:278] [0] failed to unload module 0x5b298a46e540; leaking: RESOURCE_EXHAUSTED: : CUDA_ERROR_OUT_OF_MEMORY: out of memory
E0827 13:44:24.121256 2333580 cuda_executor.cc:278] [0] failed to unload module 0x5b298ca20680; leaking: RESOURCE_EXHAUSTED: : CUDA_ERROR_OUT_OF_MEMORY: out of memory
E0827 13:44:24.142353 2333580 cuda_executor.cc:278] [0] failed to unload module 0x5b298bd59040; leaking: RESOURCE_EXHAUSTED: : CUDA_ERROR_OUT_OF_MEMORY: out of memory
E0827 13:44:24.160275 2333580 cuda_executor.cc:278] [0] failed to unload module 0x5b298c9b7310; leaking: RESOURCE_EXHAUSTED: : CUDA_ERROR_OUT_OF_MEMORY: out of memory
E0827 13:44:24.162840 2333580 cuda_executor.cc:278] [0] failed to unload module 0x5b298a2f4770; leaking: RESOURCE_EXHAUSTED: : CUDA_ERROR_OUT_OF_MEMORY: out of memory
E0827 13:44:24.181611 2333580 cuda_executor.cc:278] [0] failed to unload module 0x5b292bd34ee0; leaking: RESOURCE_EXHAUSTED: : CUDA_ERROR_OUT_OF_MEMORY: out of memory
E0827 13:44:24.185750 2333580 cuda_executor.cc:278] [0] failed to unload module 0x5b298a694370; leaking: RESOURCE_EXHAUSTED: : CUDA_ERROR_OUT_OF_MEMORY: out of memory
E0827 13:44:24.196959 2333580 cuda_executor.cc:278] [0] failed to unload module 0x5b298bd334d0; leaking: RESOURCE_EXHAUSTED: : CUDA_ERROR_OUT_OF_MEMORY: out of memory
E0827 13:44:24.198485 2333580 cuda_executor.cc:278] [0] failed to unload module 0x5b298bd1c000; leaking: RESOURCE_EXHAUSTED: : CUDA_ERROR_OUT_OF_MEMORY: out of memory
E0827 13:44:24.198509 2333580 cuda_executor.cc:278] [0] failed to unload module 0x5b298bc4bf20; leaking: RESOURCE_EXHAUSTED: : CUDA_ERROR_OUT_OF_MEMORY: out of memory
E0827 13:44:24.203933 2333580 cuda_executor.cc:278] [0] failed to unload module 0x5b2988940100; leaking: RESOURCE_EXHAUSTED: : CUDA_ERROR_OUT_OF_MEMORY: out of memory
E0827 13:44:24.221000 2333580 cuda_executor.cc:278] [0] failed to unload module 0x5b298d522110; leaking: RESOURCE_EXHAUSTED: : CUDA_ERROR_OUT_OF_MEMORY: out of memory
E0827 13:44:24.234482 2333580 cuda_executor.cc:278] [0] failed to unload module 0x5b298c656cb0; leaking: RESOURCE_EXHAUSTED: : CUDA_ERROR_OUT_OF_MEMORY: out of memory
E0827 13:44:24.253530 2333580 cuda_executor.cc:278] [0] failed to unload module 0x5b2948fd0c80; leaking: RESOURCE_EXHAUSTED: : CUDA_ERROR_OUT_OF_MEMORY: out of memory
E0827 13:44:24.256476 2333580 cuda_executor.cc:278] [0] failed to unload module 0x5b2988b23500; leaking: RESOURCE_EXHAUSTED: : CUDA_ERROR_OUT_OF_MEMORY: out of memory
E0827 13:44:24.266202 2333580 cuda_executor.cc:278] [0] failed to unload module 0x5b298dba7860; leaking: RESOURCE_EXHAUSTED: : CUDA_ERROR_OUT_OF_MEMORY: out of memory
E0827 13:44:24.266345 2333580 cuda_executor.cc:278] [0] failed to unload module 0x5b298dc840a0; leaking: RESOURCE_EXHAUSTED: : CUDA_ERROR_OUT_OF_MEMORY: out of memory
E0827 13:44:24.269211 2333580 cuda_executor.cc:278] [0] failed to unload module 0x5b298a8c4fb0; leaking: RESOURCE_EXHAUSTED: : CUDA_ERROR_OUT_OF_MEMORY: out of memory
E0827 13:44:24.284833 2333580 cuda_executor.cc:278] [0] failed to unload module 0x5b292b725bd0; leaking: RESOURCE_EXHAUSTED: : CUDA_ERROR_OUT_OF_MEMORY: out of memory
E0827 13:44:24.287271 2333580 cuda_executor.cc:278] [0] failed to unload module 0x5b2989dbe550; leaking: RESOURCE_EXHAUSTED: : CUDA_ERROR_OUT_OF_MEMORY: out of memory
E0827 13:44:24.333073 2333580 cuda_executor.cc:278] [0] failed to unload module 0x5b29515d12c0; leaking: RESOURCE_EXHAUSTED: : CUDA_ERROR_OUT_OF_MEMORY: out of memory
E0827 13:44:24.347622 2333580 cuda_executor.cc:278] [0] failed to unload module 0x5b29799766c0; leaking: RESOURCE_EXHAUSTED: : CUDA_ERROR_OUT_OF_MEMORY: out of memory
E0827 13:44:24.351222 2333580 cuda_executor.cc:278] [0] failed to unload module 0x5b298b2eab40; leaking: RESOURCE_EXHAUSTED: : CUDA_ERROR_OUT_OF_MEMORY: out of memory
E0827 13:44:24.352229 2333580 cuda_executor.cc:278] [0] failed to unload module 0x5b298aba27d0; leaking: RESOURCE_EXHAUSTED: : CUDA_ERROR_OUT_OF_MEMORY: out of memory
E0827 13:44:24.353137 2333580 cuda_executor.cc:278] [0] failed to unload module 0x5b2968154c00; leaking: RESOURCE_EXHAUSTED: : CUDA_ERROR_OUT_OF_MEMORY: out of memory
E0827 13:44:24.363498 2333580 cuda_executor.cc:278] [0] failed to unload module 0x5b298b681560; leaking: RESOURCE_EXHAUSTED: : CUDA_ERROR_OUT_OF_MEMORY: out of memory
E0827 13:44:24.365582 2333580 cuda_executor.cc:278] [0] failed to unload module 0x5b2988962510; leaking: RESOURCE_EXHAUSTED: : CUDA_ERROR_OUT_OF_MEMORY: out of memory
E0827 13:44:24.374893 2333580 cuda_executor.cc:278] [0] failed to unload module 0x5b298cc3c6d0; leaking: RESOURCE_EXHAUSTED: : CUDA_ERROR_OUT_OF_MEMORY: out of memory
E0827 13:44:24.382834 2333580 cuda_executor.cc:278] [0] failed to unload module 0x5b298d802450; leaking: RESOURCE_EXHAUSTED: : CUDA_ERROR_OUT_OF_MEMORY: out of memory
E0827 13:44:24.391828 2333580 cuda_executor.cc:278] [0] failed to unload module 0x5b298e4093c0; leaking: RESOURCE_EXHAUSTED: : CUDA_ERROR_OUT_OF_MEMORY: out of memory
E0827 13:44:30.961579 2333580 cuda_executor.cc:278] [0] failed to unload module 0x5b292b5a4c80; leaking: RESOURCE_EXHAUSTED: : CUDA_ERROR_OUT_OF_MEMORY: out of memory
E0827 13:44:30.965306 2333580 cuda_executor.cc:278] [0] failed to unload module 0x5b292eb8aeb0; leaking: RESOURCE_EXHAUSTED: : CUDA_ERROR_OUT_OF_MEMORY: out of memory
E0827 13:44:30.969844 2333580 cuda_executor.cc:278] [0] failed to unload module 0x5b2940ff14d0; leaking: RESOURCE_EXHAUSTED: : CUDA_ERROR_OUT_OF_MEMORY: out of memory
E0827 13:44:30.973334 2333580 cuda_executor.cc:278] [0] failed to unload module 0x5b29460f68c0; leaking: RESOURCE_EXHAUSTED: : CUDA_ERROR_OUT_OF_MEMORY: out of memory
E0827 13:44:30.978256 2333580 cuda_executor.cc:278] [0] failed to unload module 0x5b29474215d0; leaking: RESOURCE_EXHAUSTED: : CUDA_ERROR_OUT_OF_MEMORY: out of memory
E0827 13:44:30.983151 2333580 cuda_executor.cc:278] [0] failed to unload module 0x5b294ba559a0; leaking: RESOURCE_EXHAUSTED: : CUDA_ERROR_OUT_OF_MEMORY: out of memory
E0827 13:44:30.986322 2333580 cuda_executor.cc:278] [0] failed to unload module 0x5b294c1fe130; leaking: RESOURCE_EXHAUSTED: : CUDA_ERROR_OUT_OF_MEMORY: out of memory
E0827 13:44:30.987314 2333580 cuda_executor.cc:278] [0] failed to unload module 0x5b294d7cf350; leaking: RESOURCE_EXHAUSTED: : CUDA_ERROR_OUT_OF_MEMORY: out of memory
E0827 13:44:30.988408 2333580 cuda_executor.cc:278] [0] failed to unload module 0x5b294dc163a0; leaking: RESOURCE_EXHAUSTED: : CUDA_ERROR_OUT_OF_MEMORY: out of memory
E0827 13:44:30.990164 2333580 cuda_executor.cc:278] [0] failed to unload module 0x5b294def9bb0; leaking: RESOURCE_EXHAUSTED: : CUDA_ERROR_OUT_OF_MEMORY: out of memory
E0827 13:44:30.992533 2333580 cuda_executor.cc:278] [0] failed to unload module 0x5b29306ee760; leaking: RESOURCE_EXHAUSTED: : CUDA_ERROR_OUT_OF_MEMORY: out of memory
E0827 13:44:30.993139 2333580 cuda_executor.cc:278] [0] failed to unload module 0x5b294ef6f440; leaking: RESOURCE_EXHAUSTED: : CUDA_ERROR_OUT_OF_MEMORY: out of memory
E0827 13:44:30.993842 2333580 cuda_executor.cc:278] [0] failed to unload module 0x5b293155a6f0; leaking: RESOURCE_EXHAUSTED: : CUDA_ERROR_OUT_OF_MEMORY: out of memory
E0827 13:44:30.995750 2333580 cuda_executor.cc:278] [0] failed to unload module 0x5b2945641a50; leaking: RESOURCE_EXHAUSTED: : CUDA_ERROR_OUT_OF_MEMORY: out of memory
E0827 13:44:30.996976 2333580 cuda_executor.cc:278] [0] failed to unload module 0x5b2927321af0; leaking: RESOURCE_EXHAUSTED: : CUDA_ERROR_OUT_OF_MEMORY: out of memory
E0827 13:44:30.997912 2333580 cuda_executor.cc:278] [0] failed to unload module 0x5b2928906aa0; leaking: RESOURCE_EXHAUSTED: : CUDA_ERROR_OUT_OF_MEMORY: out of memory
E0827 13:44:30.998699 2333580 cuda_executor.cc:278] [0] failed to unload module 0x5b2929b7bca0; leaking: RESOURCE_EXHAUSTED: : CUDA_ERROR_OUT_OF_MEMORY: out of memory
E0827 13:44:31.000187 2333580 cuda_executor.cc:278] [0] failed to unload module 0x5b29246149c0; leaking: RESOURCE_EXHAUSTED: : CUDA_ERROR_OUT_OF_MEMORY: out of memory
E0827 13:44:31.001848 2333580 cuda_executor.cc:278] [0] failed to unload module 0x5b29495deef0; leaking: RESOURCE_EXHAUSTED: : CUDA_ERROR_OUT_OF_MEMORY: out of memory
E0827 13:44:31.002088 2333580 cuda_executor.cc:278] [0] failed to unload module 0x5b2949419810; leaking: RESOURCE_EXHAUSTED: : CUDA_ERROR_OUT_OF_MEMORY: out of memory
E0827 13:44:31.002299 2333580 cuda_executor.cc:278] [0] failed to unload module 0x5b2949909500; leaking: RESOURCE_EXHAUSTED: : CUDA_ERROR_OUT_OF_MEMORY: out of memory
E0827 13:44:31.002500 2333580 cuda_executor.cc:278] [0] failed to unload module 0x5b294b54e080; leaking: RESOURCE_EXHAUSTED: : CUDA_ERROR_OUT_OF_MEMORY: out of memory
E0827 13:44:31.002704 2333580 cuda_executor.cc:278] [0] failed to unload module 0x5b294b781f50; leaking: RESOURCE_EXHAUSTED: : CUDA_ERROR_OUT_OF_MEMORY: out of memory
E0827 13:44:31.002874 2333580 cuda_executor.cc:278] [0] failed to unload module 0x5b294b8db3a0; leaking: RESOURCE_EXHAUSTED: : CUDA_ERROR_OUT_OF_MEMORY: out of memory
E0827 13:44:31.003650 2333580 cuda_executor.cc:278] [0] failed to unload module 0x5b298ec27570; leaking: RESOURCE_EXHAUSTED: : CUDA_ERROR_OUT_OF_MEMORY: out of memory
E0827 13:44:31.004270 2333580 cuda_executor.cc:278] [0] failed to unload module 0x5b298fedb640; leaking: RESOURCE_EXHAUSTED: : CUDA_ERROR_OUT_OF_MEMORY: out of memory
E0827 13:44:31.005082 2333580 cuda_executor.cc:278] [0] failed to unload module 0x5b292df35ac0; leaking: RESOURCE_EXHAUSTED: : CUDA_ERROR_OUT_OF_MEMORY: out of memory
E0827 13:44:31.005605 2333580 cuda_executor.cc:278] [0] failed to unload module 0x5b29900fa580; leaking: RESOURCE_EXHAUSTED: : CUDA_ERROR_OUT_OF_MEMORY: out of memory
E0827 13:44:31.006722 2333580 cuda_executor.cc:278] [0] failed to unload module 0x5b2990072940; leaking: RESOURCE_EXHAUSTED: : CUDA_ERROR_OUT_OF_MEMORY: out of memory
E0827 13:44:31.008316 2333580 cuda_executor.cc:278] [0] failed to unload module 0x5b292f683410; leaking: RESOURCE_EXHAUSTED: : CUDA_ERROR_OUT_OF_MEMORY: out of memory
E0827 13:44:31.009591 2333580 cuda_executor.cc:278] [0] failed to unload module 0x5b299012cb80; leaking: RESOURCE_EXHAUSTED: : CUDA_ERROR_OUT_OF_MEMORY: out of memory
E0827 13:44:31.011831 2333580 cuda_executor.cc:278] [0] failed to unload module 0x5b29bdaf2060; leaking: RESOURCE_EXHAUSTED: : CUDA_ERROR_OUT_OF_MEMORY: out of memory
E0827 13:44:31.012864 2333580 cuda_executor.cc:278] [0] failed to unload module 0x5b295179a400; leaking: RESOURCE_EXHAUSTED: : CUDA_ERROR_OUT_OF_MEMORY: out of memory
E0827 13:44:31.013445 2333580 cuda_executor.cc:278] [0] failed to unload module 0x5b29bb20c720; leaking: RESOURCE_EXHAUSTED: : CUDA_ERROR_OUT_OF_MEMORY: out of memory
E0827 13:44:31.014079 2333580 cuda_executor.cc:278] [0] failed to unload module 0x5b29b43fbff0; leaking: RESOURCE_EXHAUSTED: : CUDA_ERROR_OUT_OF_MEMORY: out of memory
E0827 13:44:31.014585 2333580 cuda_executor.cc:278] [0] failed to unload module 0x5b29bb48e790; leaking: RESOURCE_EXHAUSTED: : CUDA_ERROR_OUT_OF_MEMORY: out of memory
E0827 13:44:31.015195 2333580 cuda_executor.cc:278] [0] failed to unload module 0x5b29bc71e1c0; leaking: RESOURCE_EXHAUSTED: : CUDA_ERROR_OUT_OF_MEMORY: out of memory
E0827 13:44:31.016584 2333580 cuda_executor.cc:278] [0] failed to unload module 0x5b2924a8cbe0; leaking: RESOURCE_EXHAUSTED: : CUDA_ERROR_OUT_OF_MEMORY: out of memory
E0827 13:44:31.017551 2333580 cuda_executor.cc:278] [0] failed to unload module 0x5b2947c14e50; leaking: RESOURCE_EXHAUSTED: : CUDA_ERROR_OUT_OF_MEMORY: out of memory
E0827 13:44:31.019621 2333580 cuda_executor.cc:278] [0] failed to unload module 0x5b2927d4ed90; leaking: RESOURCE_EXHAUSTED: : CUDA_ERROR_OUT_OF_MEMORY: out of memory
E0827 13:44:31.020860 2333580 cuda_executor.cc:278] [0] failed to unload module 0x5b29529d2380; leaking: RESOURCE_EXHAUSTED: : CUDA_ERROR_OUT_OF_MEMORY: out of memory
E0827 13:44:31.021616 2333580 cuda_executor.cc:278] [0] failed to unload module 0x5b29799e8a40; leaking: RESOURCE_EXHAUSTED: : CUDA_ERROR_OUT_OF_MEMORY: out of memory
E0827 13:44:31.022366 2333580 cuda_executor.cc:278] [0] failed to unload module 0x5b292f1807c0; leaking: RESOURCE_EXHAUSTED: : CUDA_ERROR_OUT_OF_MEMORY: out of memory
E0827 13:44:31.023113 2333580 cuda_executor.cc:278] [0] failed to unload module 0x5b29281a7680; leaking: RESOURCE_EXHAUSTED: : CUDA_ERROR_OUT_OF_MEMORY: out of memory
E0827 13:44:31.023958 2333580 cuda_executor.cc:278] [0] failed to unload module 0x5b29c0d94da0; leaking: RESOURCE_EXHAUSTED: : CUDA_ERROR_OUT_OF_MEMORY: out of memory
E0827 13:44:31.024607 2333580 cuda_executor.cc:278] [0] failed to unload module 0x5b29b43fc380; leaking: RESOURCE_EXHAUSTED: : CUDA_ERROR_OUT_OF_MEMORY: out of memory
E0827 13:44:31.025105 2333580 cuda_executor.cc:278] [0] failed to unload module 0x5b29b6a98340; leaking: RESOURCE_EXHAUSTED: : CUDA_ERROR_OUT_OF_MEMORY: out of memory
E0827 13:44:31.025716 2333580 cuda_executor.cc:278] [0] failed to unload module 0x5b29496c8730; leaking: RESOURCE_EXHAUSTED: : CUDA_ERROR_OUT_OF_MEMORY: out of memory
E0827 13:44:31.026482 2333580 cuda_executor.cc:278] [0] failed to unload module 0x5b292f6839b0; leaking: RESOURCE_EXHAUSTED: : CUDA_ERROR_OUT_OF_MEMORY: out of memory
E0827 13:44:31.027694 2333580 cuda_executor.cc:278] [0] failed to unload module 0x5b29a1890a10; leaking: RESOURCE_EXHAUSTED: : CUDA_ERROR_OUT_OF_MEMORY: out of memory
E0827 13:44:31.028206 2333580 cuda_executor.cc:278] [0] failed to unload module 0x5b29b6ca6f70; leaking: RESOURCE_EXHAUSTED: : CUDA_ERROR_OUT_OF_MEMORY: out of memory
E0827 13:44:31.028551 2333580 cuda_executor.cc:278] [0] failed to unload module 0x5b29ba86c9a0; leaking: RESOURCE_EXHAUSTED: : CUDA_ERROR_OUT_OF_MEMORY: out of memory
E0827 13:44:31.029043 2333580 cuda_executor.cc:278] [0] failed to unload module 0x5b29bdaf8920; leaking: RESOURCE_EXHAUSTED: : CUDA_ERROR_OUT_OF_MEMORY: out of memory
E0827 13:44:31.029544 2333580 cuda_executor.cc:278] [0] failed to unload module 0x5b29298c59b0; leaking: RESOURCE_EXHAUSTED: : CUDA_ERROR_OUT_OF_MEMORY: out of memory
E0827 13:44:31.030298 2333580 cuda_executor.cc:278] [0] failed to unload module 0x5b299c07db10; leaking: RESOURCE_EXHAUSTED: : CUDA_ERROR_OUT_OF_MEMORY: out of memory
E0827 13:44:31.030542 2333580 cuda_executor.cc:278] [0] failed to unload module 0x5b29a2f4e3d0; leaking: RESOURCE_EXHAUSTED: : CUDA_ERROR_OUT_OF_MEMORY: out of memory
E0827 13:44:31.031485 2333580 cuda_executor.cc:278] [0] failed to unload module 0x5b29c1098420; leaking: RESOURCE_EXHAUSTED: : CUDA_ERROR_OUT_OF_MEMORY: out of memory
E0827 13:44:31.034227 2333580 cuda_executor.cc:278] [0] failed to unload module 0x5b2934d9ce10; leaking: RESOURCE_EXHAUSTED: : CUDA_ERROR_OUT_OF_MEMORY: out of memory
E0827 13:44:31.035022 2333580 cuda_executor.cc:278] [0] failed to unload module 0x5b29440824a0; leaking: RESOURCE_EXHAUSTED: : CUDA_ERROR_OUT_OF_MEMORY: out of memory
E0827 13:44:31.035960 2333580 cuda_executor.cc:278] [0] failed to unload module 0x5b2934aa7ac0; leaking: RESOURCE_EXHAUSTED: : CUDA_ERROR_OUT_OF_MEMORY: out of memory
E0827 13:44:31.037073 2333580 cuda_executor.cc:278] [0] failed to unload module 0x5b297b721810; leaking: RESOURCE_EXHAUSTED: : CUDA_ERROR_OUT_OF_MEMORY: out of memory
E0827 13:44:31.037329 2333580 cuda_executor.cc:278] [0] failed to unload module 0x5b29bf5040f0; leaking: RESOURCE_EXHAUSTED: : CUDA_ERROR_OUT_OF_MEMORY: out of memory
E0827 13:44:31.037711 2333580 cuda_executor.cc:278] [0] failed to unload module 0x5b297bf2a240; leaking: RESOURCE_EXHAUSTED: : CUDA_ERROR_OUT_OF_MEMORY: out of memory
E0827 13:44:31.038168 2333580 cuda_executor.cc:278] [0] failed to unload module 0x5b294c7e11c0; leaking: RESOURCE_EXHAUSTED: : CUDA_ERROR_OUT_OF_MEMORY: out of memory
E0827 13:44:31.038593 2333580 cuda_executor.cc:278] [0] failed to unload module 0x5b2952a910b0; leaking: RESOURCE_EXHAUSTED: : CUDA_ERROR_OUT_OF_MEMORY: out of memory
E0827 13:44:31.039379 2333580 cuda_executor.cc:278] [0] failed to unload module 0x5b299b3ed8e0; leaking: RESOURCE_EXHAUSTED: : CUDA_ERROR_OUT_OF_MEMORY: out of memory
E0827 13:44:31.040167 2333580 cuda_executor.cc:278] [0] failed to unload module 0x5b2952fb6980; leaking: RESOURCE_EXHAUSTED: : CUDA_ERROR_OUT_OF_MEMORY: out of memory
E0827 13:44:31.040757 2333580 cuda_executor.cc:278] [0] failed to unload module 0x5b297c573cd0; leaking: RESOURCE_EXHAUSTED: : CUDA_ERROR_OUT_OF_MEMORY: out of memory
E0827 13:44:31.041588 2333580 cuda_executor.cc:278] [0] failed to unload module 0x5b2998b89fb0; leaking: RESOURCE_EXHAUSTED: : CUDA_ERROR_OUT_OF_MEMORY: out of memory
E0827 13:44:31.042510 2333580 cuda_executor.cc:278] [0] failed to unload module 0x5b295390ae80; leaking: RESOURCE_EXHAUSTED: : CUDA_ERROR_OUT_OF_MEMORY: out of memory
E0827 13:44:31.043157 2333580 cuda_executor.cc:278] [0] failed to unload module 0x5b292f684990; leaking: RESOURCE_EXHAUSTED: : CUDA_ERROR_OUT_OF_MEMORY: out of memory
E0827 13:44:31.043801 2333580 cuda_executor.cc:278] [0] failed to unload module 0x5b29785431c0; leaking: RESOURCE_EXHAUSTED: : CUDA_ERROR_OUT_OF_MEMORY: out of memory
E0827 13:44:31.044416 2333580 cuda_executor.cc:278] [0] failed to unload module 0x5b297854d540; leaking: RESOURCE_EXHAUSTED: : CUDA_ERROR_OUT_OF_MEMORY: out of memory
E0827 13:44:31.045126 2333580 cuda_executor.cc:278] [0] failed to unload module 0x5b2986b79c40; leaking: RESOURCE_EXHAUSTED: : CUDA_ERROR_OUT_OF_MEMORY: out of memory
E0827 13:44:31.045628 2333580 cuda_executor.cc:278] [0] failed to unload module 0x5b2998d11b50; leaking: RESOURCE_EXHAUSTED: : CUDA_ERROR_OUT_OF_MEMORY: out of memory
E0827 13:44:31.046244 2333580 cuda_executor.cc:278] [0] failed to unload module 0x5b29777fd480; leaking: RESOURCE_EXHAUSTED: : CUDA_ERROR_OUT_OF_MEMORY: out of memory
E0827 13:44:31.046910 2333580 cuda_executor.cc:278] [0] failed to unload module 0x5b29777fc4d0; leaking: RESOURCE_EXHAUSTED: : CUDA_ERROR_OUT_OF_MEMORY: out of memory
E0827 13:44:31.047151 2333580 cuda_executor.cc:278] [0] failed to unload module 0x5b294e6296c0; leaking: RESOURCE_EXHAUSTED: : CUDA_ERROR_OUT_OF_MEMORY: out of memory
E0827 13:44:31.047935 2333580 cuda_executor.cc:278] [0] failed to unload module 0x5b294e881f00; leaking: RESOURCE_EXHAUSTED: : CUDA_ERROR_OUT_OF_MEMORY: out of memory
E0827 13:44:31.048572 2333580 cuda_executor.cc:278] [0] failed to unload module 0x5b294e85d9b0; leaking: RESOURCE_EXHAUSTED: : CUDA_ERROR_OUT_OF_MEMORY: out of memory
E0827 13:44:31.050324 2333580 cuda_executor.cc:278] [0] failed to unload module 0x5b294eb7fb10; leaking: RESOURCE_EXHAUSTED: : CUDA_ERROR_OUT_OF_MEMORY: out of memory
E0827 13:44:31.051002 2333580 cuda_executor.cc:278] [0] failed to unload module 0x5b2977b86a50; leaking: RESOURCE_EXHAUSTED: : CUDA_ERROR_OUT_OF_MEMORY: out of memory
E0827 13:44:31.051335 2333580 cuda_executor.cc:278] [0] failed to unload module 0x5b2977d35670; leaking: RESOURCE_EXHAUSTED: : CUDA_ERROR_OUT_OF_MEMORY: out of memory
E0827 13:44:31.051583 2333580 cuda_executor.cc:278] [0] failed to unload module 0x5b294ec30250; leaking: RESOURCE_EXHAUSTED: : CUDA_ERROR_OUT_OF_MEMORY: out of memory
E0827 13:44:31.052135 2333580 cuda_executor.cc:278] [0] failed to unload module 0x5b29319d2180; leaking: RESOURCE_EXHAUSTED: : CUDA_ERROR_OUT_OF_MEMORY: out of memory
E0827 13:44:31.058061 2333580 cuda_executor.cc:278] [0] failed to unload module 0x5b294cf1bf60; leaking: RESOURCE_EXHAUSTED: : CUDA_ERROR_OUT_OF_MEMORY: out of memory
E0827 13:44:31.058624 2333580 cuda_executor.cc:278] [0] failed to unload module 0x5b292e5caa90; leaking: RESOURCE_EXHAUSTED: : CUDA_ERROR_OUT_OF_MEMORY: out of memory
E0827 13:44:31.059479 2333580 cuda_executor.cc:278] [0] failed to unload module 0x5b294efb9e80; leaking: RESOURCE_EXHAUSTED: : CUDA_ERROR_OUT_OF_MEMORY: out of memory
E0827 13:44:31.059855 2333580 cuda_executor.cc:278] [0] failed to unload module 0x5b29bdb8f370; leaking: RESOURCE_EXHAUSTED: : CUDA_ERROR_OUT_OF_MEMORY: out of memory
E0827 13:44:31.061172 2333580 cuda_executor.cc:278] [0] failed to unload module 0x5b29bc5d74f0; leaking: RESOURCE_EXHAUSTED: : CUDA_ERROR_OUT_OF_MEMORY: out of memory
E0827 13:44:31.061551 2333580 cuda_executor.cc:278] [0] failed to unload module 0x5b292f352bd0; leaking: RESOURCE_EXHAUSTED: : CUDA_ERROR_OUT_OF_MEMORY: out of memory
E0827 13:44:31.062168 2333580 cuda_executor.cc:278] [0] failed to unload module 0x5b29292e8650; leaking: RESOURCE_EXHAUSTED: : CUDA_ERROR_OUT_OF_MEMORY: out of memory
E0827 13:44:31.062828 2333580 cuda_executor.cc:278] [0] failed to unload module 0x5b2927788040; leaking: RESOURCE_EXHAUSTED: : CUDA_ERROR_OUT_OF_MEMORY: out of memory
E0827 13:44:31.063788 2333580 cuda_executor.cc:278] [0] failed to unload module 0x5b2945070f20; leaking: RESOURCE_EXHAUSTED: : CUDA_ERROR_OUT_OF_MEMORY: out of memory
E0827 13:44:31.064327 2333580 cuda_executor.cc:278] [0] failed to unload module 0x5b294b07bc00; leaking: RESOURCE_EXHAUSTED: : CUDA_ERROR_OUT_OF_MEMORY: out of memory
E0827 13:44:31.064849 2333580 cuda_executor.cc:278] [0] failed to unload module 0x5b2945cac710; leaking: RESOURCE_EXHAUSTED: : CUDA_ERROR_OUT_OF_MEMORY: out of memory
E0827 13:44:31.065303 2333580 cuda_executor.cc:278] [0] failed to unload module 0x5b29bb50cf90; leaking: RESOURCE_EXHAUSTED: : CUDA_ERROR_OUT_OF_MEMORY: out of memory
E0827 13:44:31.065610 2333580 cuda_executor.cc:278] [0] failed to unload module 0x5b29a07b73b0; leaking: RESOURCE_EXHAUSTED: : CUDA_ERROR_OUT_OF_MEMORY: out of memory
E0827 13:44:31.065861 2333580 cuda_executor.cc:278] [0] failed to unload module 0x5b295179b500; leaking: RESOURCE_EXHAUSTED: : CUDA_ERROR_OUT_OF_MEMORY: out of memory
E0827 13:44:31.066382 2333580 cuda_executor.cc:278] [0] failed to unload module 0x5b297b65c9c0; leaking: RESOURCE_EXHAUSTED: : CUDA_ERROR_OUT_OF_MEMORY: out of memory
E0827 13:44:31.067113 2333580 cuda_executor.cc:278] [0] failed to unload module 0x5b294ec2f0c0; leaking: RESOURCE_EXHAUSTED: : CUDA_ERROR_OUT_OF_MEMORY: out of memory
E0827 13:44:31.068067 2333580 cuda_executor.cc:278] [0] failed to unload module 0x5b2978328a80; leaking: RESOURCE_EXHAUSTED: : CUDA_ERROR_OUT_OF_MEMORY: out of memory
E0827 13:44:31.068923 2333580 cuda_executor.cc:278] [0] failed to unload module 0x5b2986b9e780; leaking: RESOURCE_EXHAUSTED: : CUDA_ERROR_OUT_OF_MEMORY: out of memory
E0827 13:44:31.069606 2333580 cuda_executor.cc:278] [0] failed to unload module 0x5b2973f67950; leaking: RESOURCE_EXHAUSTED: : CUDA_ERROR_OUT_OF_MEMORY: out of memory
E0827 13:44:31.070632 2333580 cuda_executor.cc:278] [0] failed to unload module 0x5b297437f470; leaking: RESOURCE_EXHAUSTED: : CUDA_ERROR_OUT_OF_MEMORY: out of memory
E0827 13:44:31.072068 2333580 cuda_executor.cc:278] [0] failed to unload module 0x5b297644dc60; leaking: RESOURCE_EXHAUSTED: : CUDA_ERROR_OUT_OF_MEMORY: out of memory
E0827 13:44:31.072865 2333580 cuda_executor.cc:278] [0] failed to unload module 0x5b298dd3b500; leaking: RESOURCE_EXHAUSTED: : CUDA_ERROR_OUT_OF_MEMORY: out of memory
E0827 13:44:31.073255 2333580 cuda_executor.cc:278] [0] failed to unload module 0x5b298dfa4550; leaking: RESOURCE_EXHAUSTED: : CUDA_ERROR_OUT_OF_MEMORY: out of memory
E0827 13:44:31.073670 2333580 cuda_executor.cc:278] [0] failed to unload module 0x5b298cf443d0; leaking: RESOURCE_EXHAUSTED: : CUDA_ERROR_OUT_OF_MEMORY: out of memory
E0827 13:44:31.074794 2333580 cuda_executor.cc:278] [0] failed to unload module 0x5b298d0b5200; leaking: RESOURCE_EXHAUSTED: : CUDA_ERROR_OUT_OF_MEMORY: out of memory
E0827 13:44:31.075156 2333580 cuda_executor.cc:278] [0] failed to unload module 0x5b298d234170; leaking: RESOURCE_EXHAUSTED: : CUDA_ERROR_OUT_OF_MEMORY: out of memory
E0827 13:44:31.075578 2333580 cuda_executor.cc:278] [0] failed to unload module 0x5b298d390b10; leaking: RESOURCE_EXHAUSTED: : CUDA_ERROR_OUT_OF_MEMORY: out of memory
E0827 13:44:31.075988 2333580 cuda_executor.cc:278] [0] failed to unload module 0x5b298e4837d0; leaking: RESOURCE_EXHAUSTED: : CUDA_ERROR_OUT_OF_MEMORY: out of memory
E0827 13:44:31.076403 2333580 cuda_executor.cc:278] [0] failed to unload module 0x5b298a609360; leaking: RESOURCE_EXHAUSTED: : CUDA_ERROR_OUT_OF_MEMORY: out of memory
E0827 13:44:31.076706 2333580 cuda_executor.cc:278] [0] failed to unload module 0x5b298cdc1710; leaking: RESOURCE_EXHAUSTED: : CUDA_ERROR_OUT_OF_MEMORY: out of memory
E0827 13:44:31.076943 2333580 cuda_executor.cc:278] [0] failed to unload module 0x5b294b10aa40; leaking: RESOURCE_EXHAUSTED: : CUDA_ERROR_OUT_OF_MEMORY: out of memory
E0827 13:44:31.077218 2333580 cuda_executor.cc:278] [0] failed to unload module 0x5b29bb4f48a0; leaking: RESOURCE_EXHAUSTED: : CUDA_ERROR_OUT_OF_MEMORY: out of memory
E0827 13:44:31.077332 2333580 cuda_executor.cc:278] [0] failed to unload module 0x5b2945115a00; leaking: RESOURCE_EXHAUSTED: : CUDA_ERROR_OUT_OF_MEMORY: out of memory
E0827 13:44:31.077869 2333580 cuda_executor.cc:278] [0] failed to unload module 0x5b292f682730; leaking: RESOURCE_EXHAUSTED: : CUDA_ERROR_OUT_OF_MEMORY: out of memory
E0827 13:44:31.078530 2333580 cuda_executor.cc:278] [0] failed to unload module 0x5b29a4446bf0; leaking: RESOURCE_EXHAUSTED: : CUDA_ERROR_OUT_OF_MEMORY: out of memory
E0827 13:44:31.079037 2333580 cuda_executor.cc:278] [0] failed to unload module 0x5b297bade1f0; leaking: RESOURCE_EXHAUSTED: : CUDA_ERROR_OUT_OF_MEMORY: out of memory
E0827 13:44:31.079444 2333580 cuda_executor.cc:278] [0] failed to unload module 0x5b29a091f010; leaking: RESOURCE_EXHAUSTED: : CUDA_ERROR_OUT_OF_MEMORY: out of memory
E0827 13:44:31.079987 2333580 cuda_executor.cc:278] [0] failed to unload module 0x5b29bdadd7b0; leaking: RESOURCE_EXHAUSTED: : CUDA_ERROR_OUT_OF_MEMORY: out of memory
E0827 13:44:31.080644 2333580 cuda_executor.cc:278] [0] failed to unload module 0x5b29a5694580; leaking: RESOURCE_EXHAUSTED: : CUDA_ERROR_OUT_OF_MEMORY: out of memory
E0827 13:44:31.080877 2333580 cuda_executor.cc:278] [0] failed to unload module 0x5b294d090120; leaking: RESOURCE_EXHAUSTED: : CUDA_ERROR_OUT_OF_MEMORY: out of memory
E0827 13:44:31.081466 2333580 cuda_executor.cc:278] [0] failed to unload module 0x5b292e673650; leaking: RESOURCE_EXHAUSTED: : CUDA_ERROR_OUT_OF_MEMORY: out of memory
E0827 13:44:31.082102 2333580 cuda_executor.cc:278] [0] failed to unload module 0x5b2927905570; leaking: RESOURCE_EXHAUSTED: : CUDA_ERROR_OUT_OF_MEMORY: out of memory
E0827 13:44:31.082509 2333580 cuda_executor.cc:278] [0] failed to unload module 0x5b29295370a0; leaking: RESOURCE_EXHAUSTED: : CUDA_ERROR_OUT_OF_MEMORY: out of memory
E0827 13:44:31.083022 2333580 cuda_executor.cc:278] [0] failed to unload module 0x5b2945eddc40; leaking: RESOURCE_EXHAUSTED: : CUDA_ERROR_OUT_OF_MEMORY: out of memory
E0827 13:44:31.083722 2333580 cuda_executor.cc:278] [0] failed to unload module 0x5b294efb9800; leaking: RESOURCE_EXHAUSTED: : CUDA_ERROR_OUT_OF_MEMORY: out of memory
E0827 13:44:31.084406 2333580 cuda_executor.cc:278] [0] failed to unload module 0x5b298c66a990; leaking: RESOURCE_EXHAUSTED: : CUDA_ERROR_OUT_OF_MEMORY: out of memory
E0827 13:44:31.085231 2333580 cuda_executor.cc:278] [0] failed to unload module 0x5b298c88ac00; leaking: RESOURCE_EXHAUSTED: : CUDA_ERROR_OUT_OF_MEMORY: out of memory
E0827 13:44:31.085440 2333580 cuda_executor.cc:278] [0] failed to unload module 0x5b298de62e20; leaking: RESOURCE_EXHAUSTED: : CUDA_ERROR_OUT_OF_MEMORY: out of memory
E0827 13:44:31.086787 2333580 cuda_executor.cc:278] [0] failed to unload module 0x5b294b549030; leaking: RESOURCE_EXHAUSTED: : CUDA_ERROR_OUT_OF_MEMORY: out of memory
E0827 13:44:31.087045 2333580 cuda_executor.cc:278] [0] failed to unload module 0x5b294538a250; leaking: RESOURCE_EXHAUSTED: : CUDA_ERROR_OUT_OF_MEMORY: out of memory
E0827 13:44:31.087581 2333580 cuda_executor.cc:278] [0] failed to unload module 0x5b292946f0d0; leaking: RESOURCE_EXHAUSTED: : CUDA_ERROR_OUT_OF_MEMORY: out of memory
E0827 13:44:31.088101 2333580 cuda_executor.cc:278] [0] failed to unload module 0x5b2927b39fd0; leaking: RESOURCE_EXHAUSTED: : CUDA_ERROR_OUT_OF_MEMORY: out of memory
E0827 13:44:31.088921 2333580 cuda_executor.cc:278] [0] failed to unload module 0x5b2946159000; leaking: RESOURCE_EXHAUSTED: : CUDA_ERROR_OUT_OF_MEMORY: out of memory
E0827 13:44:31.089519 2333580 cuda_executor.cc:278] [0] failed to unload module 0x5b292e8b76f0; leaking: RESOURCE_EXHAUSTED: : CUDA_ERROR_OUT_OF_MEMORY: out of memory
E0827 13:44:31.090099 2333580 cuda_executor.cc:278] [0] failed to unload module 0x5b29bdaee5a0; leaking: RESOURCE_EXHAUSTED: : CUDA_ERROR_OUT_OF_MEMORY: out of memory
E0827 13:44:31.090313 2333580 cuda_executor.cc:278] [0] failed to unload module 0x5b29a4388eb0; leaking: RESOURCE_EXHAUSTED: : CUDA_ERROR_OUT_OF_MEMORY: out of memory
E0827 13:44:31.090704 2333580 cuda_executor.cc:278] [0] failed to unload module 0x5b29bb473550; leaking: RESOURCE_EXHAUSTED: : CUDA_ERROR_OUT_OF_MEMORY: out of memory
E0827 13:44:31.091038 2333580 cuda_executor.cc:278] [0] failed to unload module 0x5b29ac162dd0; leaking: RESOURCE_EXHAUSTED: : CUDA_ERROR_OUT_OF_MEMORY: out of memory
E0827 13:44:31.091409 2333580 cuda_executor.cc:278] [0] failed to unload module 0x5b29305ad0e0; leaking: RESOURCE_EXHAUSTED: : CUDA_ERROR_OUT_OF_MEMORY: out of memory
E0827 13:44:31.091875 2333580 cuda_executor.cc:278] [0] failed to unload module 0x5b297bde1660; leaking: RESOURCE_EXHAUSTED: : CUDA_ERROR_OUT_OF_MEMORY: out of memory
E0827 13:44:31.092308 2333580 cuda_executor.cc:278] [0] failed to unload module 0x5b294e7a3fd0; leaking: RESOURCE_EXHAUSTED: : CUDA_ERROR_OUT_OF_MEMORY: out of memory
E0827 13:44:31.093184 2333580 cuda_executor.cc:278] [0] failed to unload module 0x5b299c0e2d30; leaking: RESOURCE_EXHAUSTED: : CUDA_ERROR_OUT_OF_MEMORY: out of memory
E0827 13:44:31.095404 2333580 cuda_executor.cc:278] [0] failed to unload module 0x5b292d8f9ed0; leaking: RESOURCE_EXHAUSTED: : CUDA_ERROR_OUT_OF_MEMORY: out of memory
E0827 13:44:31.095980 2333580 cuda_executor.cc:278] [0] failed to unload module 0x5b2946a17ef0; leaking: RESOURCE_EXHAUSTED: : CUDA_ERROR_OUT_OF_MEMORY: out of memory
E0827 13:44:31.097057 2333580 cuda_executor.cc:278] [0] failed to unload module 0x5b295398e9f0; leaking: RESOURCE_EXHAUSTED: : CUDA_ERROR_OUT_OF_MEMORY: out of memory
E0827 13:44:31.098189 2333580 cuda_executor.cc:278] [0] failed to unload module 0x5b294774d9d0; leaking: RESOURCE_EXHAUSTED: : CUDA_ERROR_OUT_OF_MEMORY: out of memory
E0827 13:44:31.098950 2333580 cuda_executor.cc:278] [0] failed to unload module 0x5b2930e49210; leaking: RESOURCE_EXHAUSTED: : CUDA_ERROR_OUT_OF_MEMORY: out of memory
E0827 13:44:31.100327 2333580 cuda_executor.cc:278] [0] failed to unload module 0x5b2924647020; leaking: RESOURCE_EXHAUSTED: : CUDA_ERROR_OUT_OF_MEMORY: out of memory
E0827 13:44:31.101002 2333580 cuda_executor.cc:278] [0] failed to unload module 0x5b292464dac0; leaking: RESOURCE_EXHAUSTED: : CUDA_ERROR_OUT_OF_MEMORY: out of memory
E0827 13:44:31.103107 2333580 cuda_executor.cc:278] [0] failed to unload module 0x5b292dc44840; leaking: RESOURCE_EXHAUSTED: : CUDA_ERROR_OUT_OF_MEMORY: out of memory
E0827 13:44:31.103543 2333580 cuda_executor.cc:278] [0] failed to unload module 0x5b292de41a20; leaking: RESOURCE_EXHAUSTED: : CUDA_ERROR_OUT_OF_MEMORY: out of memory
E0827 13:44:31.104287 2333580 cuda_executor.cc:278] [0] failed to unload module 0x5b294145e860; leaking: RESOURCE_EXHAUSTED: : CUDA_ERROR_OUT_OF_MEMORY: out of memory
E0827 13:44:31.104814 2333580 cuda_executor.cc:278] [0] failed to unload module 0x5b2941afdb80; leaking: RESOURCE_EXHAUSTED: : CUDA_ERROR_OUT_OF_MEMORY: out of memory
E0827 13:44:31.105891 2333580 cuda_executor.cc:278] [0] failed to unload module 0x5b2940e69b30; leaking: RESOURCE_EXHAUSTED: : CUDA_ERROR_OUT_OF_MEMORY: out of memory
E0827 13:44:31.106516 2333580 cuda_executor.cc:278] [0] failed to unload module 0x5b296ccb3890; leaking: RESOURCE_EXHAUSTED: : CUDA_ERROR_OUT_OF_MEMORY: out of memory
E0827 13:44:31.107174 2333580 cuda_executor.cc:278] [0] failed to unload module 0x5b29a1865c80; leaking: RESOURCE_EXHAUSTED: : CUDA_ERROR_OUT_OF_MEMORY: out of memory
E0827 13:44:31.107466 2333580 cuda_executor.cc:278] [0] failed to unload module 0x5b29a18f95e0; leaking: RESOURCE_EXHAUSTED: : CUDA_ERROR_OUT_OF_MEMORY: out of memory
E0827 13:44:31.107955 2333580 cuda_executor.cc:278] [0] failed to unload module 0x5b29a18823c0; leaking: RESOURCE_EXHAUSTED: : CUDA_ERROR_OUT_OF_MEMORY: out of memory
E0827 13:44:31.108145 2333580 cuda_executor.cc:278] [0] failed to unload module 0x5b29a185bd70; leaking: RESOURCE_EXHAUSTED: : CUDA_ERROR_OUT_OF_MEMORY: out of memory
E0827 13:44:31.108555 2333580 cuda_executor.cc:278] [0] failed to unload module 0x5b29a1936f70; leaking: RESOURCE_EXHAUSTED: : CUDA_ERROR_OUT_OF_MEMORY: out of memory
E0827 13:44:31.111105 2333580 cuda_executor.cc:278] [0] failed to unload module 0x5b2926c47470; leaking: RESOURCE_EXHAUSTED: : CUDA_ERROR_OUT_OF_MEMORY: out of memory
E0827 13:44:31.111713 2333580 cuda_executor.cc:278] [0] failed to unload module 0x5b292df0aa90; leaking: RESOURCE_EXHAUSTED: : CUDA_ERROR_OUT_OF_MEMORY: out of memory
E0827 13:44:31.111855 2333580 cuda_executor.cc:278] [0] failed to unload module 0x5b292daec2d0; leaking: RESOURCE_EXHAUSTED: : CUDA_ERROR_OUT_OF_MEMORY: out of memory
E0827 13:44:31.111878 2333580 cuda_executor.cc:278] [0] failed to unload module 0x5b292dff5620; leaking: RESOURCE_EXHAUSTED: : CUDA_ERROR_OUT_OF_MEMORY: out of memory
E0827 13:44:31.111887 2333580 cuda_executor.cc:278] [0] failed to unload module 0x5b292df487a0; leaking: RESOURCE_EXHAUSTED: : CUDA_ERROR_OUT_OF_MEMORY: out of memory
E0827 13:44:31.112361 2333580 cuda_executor.cc:278] [0] failed to unload module 0x5b292df29130; leaking: RESOURCE_EXHAUSTED: : CUDA_ERROR_OUT_OF_MEMORY: out of memory
E0827 13:44:31.115631 2333580 cuda_executor.cc:278] [0] failed to unload module 0x5b2924658f00; leaking: RESOURCE_EXHAUSTED: : CUDA_ERROR_OUT_OF_MEMORY: out of memory
E0827 13:44:31.116027 2333580 cuda_executor.cc:278] [0] failed to unload module 0x5b2924659490; leaking: RESOURCE_EXHAUSTED: : CUDA_ERROR_OUT_OF_MEMORY: out of memory
E0827 13:44:31.116303 2333580 cuda_executor.cc:278] [0] failed to unload module 0x5b2926c64e10; leaking: RESOURCE_EXHAUSTED: : CUDA_ERROR_OUT_OF_MEMORY: out of memory
E0827 13:44:31.116433 2333580 cuda_executor.cc:278] [0] failed to unload module 0x5b2926cb4d80; leaking: RESOURCE_EXHAUSTED: : CUDA_ERROR_OUT_OF_MEMORY: out of memory
E0827 13:44:31.116917 2333580 cuda_executor.cc:278] [0] failed to unload module 0x5b2926c653e0; leaking: RESOURCE_EXHAUSTED: : CUDA_ERROR_OUT_OF_MEMORY: out of memory
E0827 13:44:31.119040 2333580 cuda_executor.cc:278] [0] failed to unload module 0x5b29283b7cf0; leaking: RESOURCE_EXHAUSTED: : CUDA_ERROR_OUT_OF_MEMORY: out of memory
E0827 13:44:31.119066 2333580 cuda_executor.cc:278] [0] failed to unload module 0x5b292841dc10; leaking: RESOURCE_EXHAUSTED: : CUDA_ERROR_OUT_OF_MEMORY: out of memory
E0827 13:44:31.119420 2333580 cuda_executor.cc:278] [0] failed to unload module 0x5b2928426950; leaking: RESOURCE_EXHAUSTED: : CUDA_ERROR_OUT_OF_MEMORY: out of memory
E0827 13:44:31.119430 2333580 cuda_executor.cc:278] [0] failed to unload module 0x5b292810a800; leaking: RESOURCE_EXHAUSTED: : CUDA_ERROR_OUT_OF_MEMORY: out of memory
E0827 13:44:31.120371 2333580 cuda_executor.cc:278] [0] failed to unload module 0x5b29515d32c0; leaking: RESOURCE_EXHAUSTED: : CUDA_ERROR_OUT_OF_MEMORY: out of memory
E0827 13:44:31.120387 2333580 cuda_executor.cc:278] [0] failed to unload module 0x5b2979697cc0; leaking: RESOURCE_EXHAUSTED: : CUDA_ERROR_OUT_OF_MEMORY: out of memory
E0827 13:44:31.120660 2333580 cuda_executor.cc:278] [0] failed to unload module 0x5b29bdb59c10; leaking: RESOURCE_EXHAUSTED: : CUDA_ERROR_OUT_OF_MEMORY: out of memory
E0827 13:44:31.120779 2333580 cuda_executor.cc:278] [0] failed to unload module 0x5b29bdbc0640; leaking: RESOURCE_EXHAUSTED: : CUDA_ERROR_OUT_OF_MEMORY: out of memory
E0827 13:44:31.120787 2333580 cuda_executor.cc:278] [0] failed to unload module 0x5b29bdb145c0; leaking: RESOURCE_EXHAUSTED: : CUDA_ERROR_OUT_OF_MEMORY: out of memory
E0827 13:44:31.122002 2333580 cuda_executor.cc:278] [0] failed to unload module 0x5b29bb46a6b0; leaking: RESOURCE_EXHAUSTED: : CUDA_ERROR_OUT_OF_MEMORY: out of memory
E0827 13:44:31.122407 2333580 cuda_executor.cc:278] [0] failed to unload module 0x5b29bb53c940; leaking: RESOURCE_EXHAUSTED: : CUDA_ERROR_OUT_OF_MEMORY: out of memory
E0827 13:44:31.122589 2333580 cuda_executor.cc:278] [0] failed to unload module 0x5b29bb493a90; leaking: RESOURCE_EXHAUSTED: : CUDA_ERROR_OUT_OF_MEMORY: out of memory
E0827 13:44:31.122608 2333580 cuda_executor.cc:278] [0] failed to unload module 0x5b29bb4b3f90; leaking: RESOURCE_EXHAUSTED: : CUDA_ERROR_OUT_OF_MEMORY: out of memory
E0827 13:44:31.122617 2333580 cuda_executor.cc:278] [0] failed to unload module 0x5b29bb485380; leaking: RESOURCE_EXHAUSTED: : CUDA_ERROR_OUT_OF_MEMORY: out of memory
E0827 13:44:31.124700 2333580 cuda_executor.cc:278] [0] failed to unload module 0x5b292f30a370; leaking: RESOURCE_EXHAUSTED: : CUDA_ERROR_OUT_OF_MEMORY: out of memory
E0827 13:44:31.125346 2333580 cuda_executor.cc:278] [0] failed to unload module 0x5b292f3ad6c0; leaking: RESOURCE_EXHAUSTED: : CUDA_ERROR_OUT_OF_MEMORY: out of memory
E0827 13:44:31.125757 2333580 cuda_executor.cc:278] [0] failed to unload module 0x5b292f25abc0; leaking: RESOURCE_EXHAUSTED: : CUDA_ERROR_OUT_OF_MEMORY: out of memory
E0827 13:44:31.126000 2333580 cuda_executor.cc:278] [0] failed to unload module 0x5b292f327d70; leaking: RESOURCE_EXHAUSTED: : CUDA_ERROR_OUT_OF_MEMORY: out of memory
E0827 13:44:31.126115 2333580 cuda_executor.cc:278] [0] failed to unload module 0x5b292f325dd0; leaking: RESOURCE_EXHAUSTED: : CUDA_ERROR_OUT_OF_MEMORY: out of memory
E0827 13:44:31.126965 2333580 cuda_executor.cc:278] [0] failed to unload module 0x5b292711c750; leaking: RESOURCE_EXHAUSTED: : CUDA_ERROR_OUT_OF_MEMORY: out of memory
E0827 13:44:31.127728 2333580 cuda_executor.cc:278] [0] failed to unload module 0x5b292df763c0; leaking: RESOURCE_EXHAUSTED: : CUDA_ERROR_OUT_OF_MEMORY: out of memory
E0827 13:44:31.128101 2333580 cuda_executor.cc:278] [0] failed to unload module 0x5b29aeeb28b0; leaking: RESOURCE_EXHAUSTED: : CUDA_ERROR_OUT_OF_MEMORY: out of memory
E0827 13:44:31.128360 2333580 cuda_executor.cc:278] [0] failed to unload module 0x5b294aefa8c0; leaking: RESOURCE_EXHAUSTED: : CUDA_ERROR_OUT_OF_MEMORY: out of memory
E0827 13:44:31.128494 2333580 cuda_executor.cc:278] [0] failed to unload module 0x5b292918d760; leaking: RESOURCE_EXHAUSTED: : CUDA_ERROR_OUT_OF_MEMORY: out of memory
E0827 13:44:31.128949 2333580 cuda_executor.cc:278] [0] failed to unload module 0x5b294cd8f0f0; leaking: RESOURCE_EXHAUSTED: : CUDA_ERROR_OUT_OF_MEMORY: out of memory
E0827 13:44:31.129659 2333580 cuda_executor.cc:278] [0] failed to unload module 0x5b294efba500; leaking: RESOURCE_EXHAUSTED: : CUDA_ERROR_OUT_OF_MEMORY: out of memory
E0827 13:44:31.130542 2333580 cuda_executor.cc:278] [0] failed to unload module 0x5b29276d4210; leaking: RESOURCE_EXHAUSTED: : CUDA_ERROR_OUT_OF_MEMORY: out of memory
E0827 13:44:31.131209 2333580 cuda_executor.cc:278] [0] failed to unload module 0x5b292e44f710; leaking: RESOURCE_EXHAUSTED: : CUDA_ERROR_OUT_OF_MEMORY: out of memory
E0827 13:44:31.131894 2333580 cuda_executor.cc:278] [0] failed to unload module 0x5b2946ce0df0; leaking: RESOURCE_EXHAUSTED: : CUDA_ERROR_OUT_OF_MEMORY: out of memory
E0827 13:44:31.132547 2333580 cuda_executor.cc:278] [0] failed to unload module 0x5b292f326390; leaking: RESOURCE_EXHAUSTED: : CUDA_ERROR_OUT_OF_MEMORY: out of memory
E0827 13:44:31.133043 2333580 cuda_executor.cc:278] [0] failed to unload module 0x5b295177e6c0; leaking: RESOURCE_EXHAUSTED: : CUDA_ERROR_OUT_OF_MEMORY: out of memory
E0827 13:44:31.133429 2333580 cuda_executor.cc:278] [0] failed to unload module 0x5b29bdb90220; leaking: RESOURCE_EXHAUSTED: : CUDA_ERROR_OUT_OF_MEMORY: out of memory
E0827 13:44:31.133937 2333580 cuda_executor.cc:278] [0] failed to unload module 0x5b29bb4f4430; leaking: RESOURCE_EXHAUSTED: : CUDA_ERROR_OUT_OF_MEMORY: out of memory
E0827 13:44:31.134492 2333580 cuda_executor.cc:278] [0] failed to unload module 0x5b297b746960; leaking: RESOURCE_EXHAUSTED: : CUDA_ERROR_OUT_OF_MEMORY: out of memory
E0827 13:44:31.134879 2333580 cuda_executor.cc:278] [0] failed to unload module 0x5b294ee647f0; leaking: RESOURCE_EXHAUSTED: : CUDA_ERROR_OUT_OF_MEMORY: out of memory
E0827 13:44:31.136394 2333580 cuda_executor.cc:278] [0] failed to unload module 0x5b294b272fb0; leaking: RESOURCE_EXHAUSTED: : CUDA_ERROR_OUT_OF_MEMORY: out of memory
E0827 13:44:31.138256 2333580 cuda_executor.cc:278] [0] failed to unload module 0x5b29a190a1c0; leaking: RESOURCE_EXHAUSTED: : CUDA_ERROR_OUT_OF_MEMORY: out of memory
E0827 13:44:31.139024 2333580 cuda_executor.cc:278] [0] failed to unload module 0x5b2991bd5ec0; leaking: RESOURCE_EXHAUSTED: : CUDA_ERROR_OUT_OF_MEMORY: out of memory
E0827 13:44:31.139734 2333580 cuda_executor.cc:278] [0] failed to unload module 0x5b29285d3110; leaking: RESOURCE_EXHAUSTED: : CUDA_ERROR_OUT_OF_MEMORY: out of memory
E0827 13:44:31.140524 2333580 cuda_executor.cc:278] [0] failed to unload module 0x5b292f2ec2a0; leaking: RESOURCE_EXHAUSTED: : CUDA_ERROR_OUT_OF_MEMORY: out of memory
E0827 13:44:31.141666 2333580 cuda_executor.cc:278] [0] failed to unload module 0x5b29bb538740; leaking: RESOURCE_EXHAUSTED: : CUDA_ERROR_OUT_OF_MEMORY: out of memory
E0827 13:44:31.143438 2333580 cuda_executor.cc:278] [0] failed to unload module 0x5b29bda152d0; leaking: RESOURCE_EXHAUSTED: : CUDA_ERROR_OUT_OF_MEMORY: out of memory
E0827 13:44:31.144881 2333580 cuda_executor.cc:278] [0] failed to unload module 0x5b29bdaf92b0; leaking: RESOURCE_EXHAUSTED: : CUDA_ERROR_OUT_OF_MEMORY: out of memory
E0827 13:44:31.145390 2333580 cuda_executor.cc:278] [0] failed to unload module 0x5b299c06e460; leaking: RESOURCE_EXHAUSTED: : CUDA_ERROR_OUT_OF_MEMORY: out of memory
E0827 13:44:31.145877 2333580 cuda_executor.cc:278] [0] failed to unload module 0x5b2928789be0; leaking: RESOURCE_EXHAUSTED: : CUDA_ERROR_OUT_OF_MEMORY: out of memory
E0827 13:44:31.146289 2333580 cuda_executor.cc:278] [0] failed to unload module 0x5b292f6861a0; leaking: RESOURCE_EXHAUSTED: : CUDA_ERROR_OUT_OF_MEMORY: out of memory
E0827 13:44:31.146396 2333580 cuda_executor.cc:278] [0] failed to unload module 0x5b292f685940; leaking: RESOURCE_EXHAUSTED: : CUDA_ERROR_OUT_OF_MEMORY: out of memory
E0827 13:44:31.146662 2333580 cuda_executor.cc:278] [0] failed to unload module 0x5b29bb53dfb0; leaking: RESOURCE_EXHAUSTED: : CUDA_ERROR_OUT_OF_MEMORY: out of memory
E0827 13:44:31.147654 2333580 cuda_executor.cc:278] [0] failed to unload module 0x5b29bc5d6ba0; leaking: RESOURCE_EXHAUSTED: : CUDA_ERROR_OUT_OF_MEMORY: out of memory
E0827 13:44:31.149047 2333580 cuda_executor.cc:278] [0] failed to unload module 0x5b29492b6110; leaking: RESOURCE_EXHAUSTED: : CUDA_ERROR_OUT_OF_MEMORY: out of memory
E0827 13:44:31.150021 2333580 cuda_executor.cc:278] [0] failed to unload module 0x5b296ca019e0; leaking: RESOURCE_EXHAUSTED: : CUDA_ERROR_OUT_OF_MEMORY: out of memory
E0827 13:44:31.150255 2333580 cuda_executor.cc:278] [0] failed to unload module 0x5b2947c15130; leaking: RESOURCE_EXHAUSTED: : CUDA_ERROR_OUT_OF_MEMORY: out of memory
E0827 13:44:31.150502 2333580 cuda_executor.cc:278] [0] failed to unload module 0x5b294daa0120; leaking: RESOURCE_EXHAUSTED: : CUDA_ERROR_OUT_OF_MEMORY: out of memory
E0827 13:44:31.151272 2333580 cuda_executor.cc:278] [0] failed to unload module 0x5b29309fe670; leaking: RESOURCE_EXHAUSTED: : CUDA_ERROR_OUT_OF_MEMORY: out of memory
E0827 13:44:31.151826 2333580 cuda_executor.cc:278] [0] failed to unload module 0x5b294ae489f0; leaking: RESOURCE_EXHAUSTED: : CUDA_ERROR_OUT_OF_MEMORY: out of memory
E0827 13:44:31.152383 2333580 cuda_executor.cc:278] [0] failed to unload module 0x5b295156d440; leaking: RESOURCE_EXHAUSTED: : CUDA_ERROR_OUT_OF_MEMORY: out of memory
E0827 13:44:31.153203 2333580 cuda_executor.cc:278] [0] failed to unload module 0x5b29bb4fe750; leaking: RESOURCE_EXHAUSTED: : CUDA_ERROR_OUT_OF_MEMORY: out of memory
E0827 13:44:31.153851 2333580 cuda_executor.cc:278] [0] failed to unload module 0x5b294bf20560; leaking: RESOURCE_EXHAUSTED: : CUDA_ERROR_OUT_OF_MEMORY: out of memory
E0827 13:44:31.154649 2333580 cuda_executor.cc:278] [0] failed to unload module 0x5b29769c34b0; leaking: RESOURCE_EXHAUSTED: : CUDA_ERROR_OUT_OF_MEMORY: out of memory
E0827 13:44:31.155017 2333580 cuda_executor.cc:278] [0] failed to unload module 0x5b2930f9e7d0; leaking: RESOURCE_EXHAUSTED: : CUDA_ERROR_OUT_OF_MEMORY: out of memory
E0827 13:44:31.155650 2333580 cuda_executor.cc:278] [0] failed to unload module 0x5b2990123630; leaking: RESOURCE_EXHAUSTED: : CUDA_ERROR_OUT_OF_MEMORY: out of memory
E0827 13:44:31.156192 2333580 cuda_executor.cc:278] [0] failed to unload module 0x5b29b9d7b200; leaking: RESOURCE_EXHAUSTED: : CUDA_ERROR_OUT_OF_MEMORY: out of memory
E0827 13:44:31.156776 2333580 cuda_executor.cc:278] [0] failed to unload module 0x5b2928ff5790; leaking: RESOURCE_EXHAUSTED: : CUDA_ERROR_OUT_OF_MEMORY: out of memory
E0827 13:44:31.157145 2333580 cuda_executor.cc:278] [0] failed to unload module 0x5b298db1db10; leaking: RESOURCE_EXHAUSTED: : CUDA_ERROR_OUT_OF_MEMORY: out of memory
E0827 13:44:31.157445 2333580 cuda_executor.cc:278] [0] failed to unload module 0x5b2941161270; leaking: RESOURCE_EXHAUSTED: : CUDA_ERROR_OUT_OF_MEMORY: out of memory
E0827 13:44:31.158508 2333580 cuda_executor.cc:278] [0] failed to unload module 0x5b29510da270; leaking: RESOURCE_EXHAUSTED: : CUDA_ERROR_OUT_OF_MEMORY: out of memory
E0827 13:44:31.159299 2333580 cuda_executor.cc:278] [0] failed to unload module 0x5b29763ed7e0; leaking: RESOURCE_EXHAUSTED: : CUDA_ERROR_OUT_OF_MEMORY: out of memory
E0827 13:44:31.159695 2333580 cuda_executor.cc:278] [0] failed to unload module 0x5b294d652980; leaking: RESOURCE_EXHAUSTED: : CUDA_ERROR_OUT_OF_MEMORY: out of memory
E0827 13:44:31.160107 2333580 cuda_executor.cc:278] [0] failed to unload module 0x5b298b39eb60; leaking: RESOURCE_EXHAUSTED: : CUDA_ERROR_OUT_OF_MEMORY: out of memory
E0827 13:44:31.160379 2333580 cuda_executor.cc:278] [0] failed to unload module 0x5b29432040b0; leaking: RESOURCE_EXHAUSTED: : CUDA_ERROR_OUT_OF_MEMORY: out of memory
E0827 13:44:31.161512 2333580 cuda_executor.cc:278] [0] failed to unload module 0x5b2998e897b0; leaking: RESOURCE_EXHAUSTED: : CUDA_ERROR_OUT_OF_MEMORY: out of memory
E0827 13:44:31.161783 2333580 cuda_executor.cc:278] [0] failed to unload module 0x5b29785abb80; leaking: RESOURCE_EXHAUSTED: : CUDA_ERROR_OUT_OF_MEMORY: out of memory
E0827 13:44:31.162050 2333580 cuda_executor.cc:278] [0] failed to unload module 0x5b294ea8a030; leaking: RESOURCE_EXHAUSTED: : CUDA_ERROR_OUT_OF_MEMORY: out of memory
E0827 13:44:31.162718 2333580 cuda_executor.cc:278] [0] failed to unload module 0x5b296ccb1430; leaking: RESOURCE_EXHAUSTED: : CUDA_ERROR_OUT_OF_MEMORY: out of memory
E0827 13:44:31.164186 2333580 cuda_executor.cc:278] [0] failed to unload module 0x5b293207d0f0; leaking: RESOURCE_EXHAUSTED: : CUDA_ERROR_OUT_OF_MEMORY: out of memory
E0827 13:44:31.164938 2333580 cuda_executor.cc:278] [0] failed to unload module 0x5b2930d72720; leaking: RESOURCE_EXHAUSTED: : CUDA_ERROR_OUT_OF_MEMORY: out of memory
E0827 13:44:31.165310 2333580 cuda_executor.cc:278] [0] failed to unload module 0x5b296ccb3b80; leaking: RESOURCE_EXHAUSTED: : CUDA_ERROR_OUT_OF_MEMORY: out of memory
E0827 13:44:31.165560 2333580 cuda_executor.cc:278] [0] failed to unload module 0x5b29a18b10f0; leaking: RESOURCE_EXHAUSTED: : CUDA_ERROR_OUT_OF_MEMORY: out of memory
E0827 13:44:31.165796 2333580 cuda_executor.cc:278] [0] failed to unload module 0x5b29adbc87b0; leaking: RESOURCE_EXHAUSTED: : CUDA_ERROR_OUT_OF_MEMORY: out of memory
E0827 13:44:31.166176 2333580 cuda_executor.cc:278] [0] failed to unload module 0x5b2947953910; leaking: RESOURCE_EXHAUSTED: : CUDA_ERROR_OUT_OF_MEMORY: out of memory
E0827 13:44:31.166571 2333580 cuda_executor.cc:278] [0] failed to unload module 0x5b29b566d7c0; leaking: RESOURCE_EXHAUSTED: : CUDA_ERROR_OUT_OF_MEMORY: out of memory
E0827 13:44:31.167071 2333580 cuda_executor.cc:278] [0] failed to unload module 0x5b2950d476a0; leaking: RESOURCE_EXHAUSTED: : CUDA_ERROR_OUT_OF_MEMORY: out of memory
E0827 13:44:31.167728 2333580 cuda_executor.cc:278] [0] failed to unload module 0x5b294019d0c0; leaking: RESOURCE_EXHAUSTED: : CUDA_ERROR_OUT_OF_MEMORY: out of memory
E0827 13:44:31.168641 2333580 cuda_executor.cc:278] [0] failed to unload module 0x5b294089eb00; leaking: RESOURCE_EXHAUSTED: : CUDA_ERROR_OUT_OF_MEMORY: out of memory
E0827 13:44:31.169225 2333580 cuda_executor.cc:278] [0] failed to unload module 0x5b29bdaf8dd0; leaking: RESOURCE_EXHAUSTED: : CUDA_ERROR_OUT_OF_MEMORY: out of memory
E0827 13:44:31.169617 2333580 cuda_executor.cc:278] [0] failed to unload module 0x5b2940480150; leaking: RESOURCE_EXHAUSTED: : CUDA_ERROR_OUT_OF_MEMORY: out of memory
E0827 13:44:31.169964 2333580 cuda_executor.cc:278] [0] failed to unload module 0x5b294dd897d0; leaking: RESOURCE_EXHAUSTED: : CUDA_ERROR_OUT_OF_MEMORY: out of memory
E0827 13:44:31.171250 2333580 cuda_executor.cc:278] [0] failed to unload module 0x5b2945996250; leaking: RESOURCE_EXHAUSTED: : CUDA_ERROR_OUT_OF_MEMORY: out of memory
E0827 13:44:31.171939 2333580 cuda_executor.cc:278] [0] failed to unload module 0x5b294151dfa0; leaking: RESOURCE_EXHAUSTED: : CUDA_ERROR_OUT_OF_MEMORY: out of memory
E0827 13:44:31.172659 2333580 cuda_executor.cc:278] [0] failed to unload module 0x5b298ec446c0; leaking: RESOURCE_EXHAUSTED: : CUDA_ERROR_OUT_OF_MEMORY: out of memory
E0827 13:44:31.173046 2333580 cuda_executor.cc:278] [0] failed to unload module 0x5b29b56c6dc0; leaking: RESOURCE_EXHAUSTED: : CUDA_ERROR_OUT_OF_MEMORY: out of memory
E0827 13:44:31.173493 2333580 cuda_executor.cc:278] [0] failed to unload module 0x5b29425bbbf0; leaking: RESOURCE_EXHAUSTED: : CUDA_ERROR_OUT_OF_MEMORY: out of memory
E0827 13:44:31.174599 2333580 cuda_executor.cc:278] [0] failed to unload module 0x5b293351d210; leaking: RESOURCE_EXHAUSTED: : CUDA_ERROR_OUT_OF_MEMORY: out of memory
E0827 13:44:31.176564 2333580 cuda_executor.cc:278] [0] failed to unload module 0x5b294259a4b0; leaking: RESOURCE_EXHAUSTED: : CUDA_ERROR_OUT_OF_MEMORY: out of memory
E0827 13:44:31.178173 2333580 cuda_executor.cc:278] [0] failed to unload module 0x5b29427bc150; leaking: RESOURCE_EXHAUSTED: : CUDA_ERROR_OUT_OF_MEMORY: out of memory
E0827 13:44:31.178539 2333580 cuda_executor.cc:278] [0] failed to unload module 0x5b29425c4100; leaking: RESOURCE_EXHAUSTED: : CUDA_ERROR_OUT_OF_MEMORY: out of memory
E0827 13:44:31.178558 2333580 cuda_executor.cc:278] [0] failed to unload module 0x5b29427bb7f0; leaking: RESOURCE_EXHAUSTED: : CUDA_ERROR_OUT_OF_MEMORY: out of memory
E0827 13:44:31.178834 2333580 cuda_executor.cc:278] [0] failed to unload module 0x5b294278fbb0; leaking: RESOURCE_EXHAUSTED: : CUDA_ERROR_OUT_OF_MEMORY: out of memory
E0827 13:44:31.179346 2333580 cuda_executor.cc:278] [0] failed to unload module 0x5b294274ee40; leaking: RESOURCE_EXHAUSTED: : CUDA_ERROR_OUT_OF_MEMORY: out of memory
E0827 13:44:31.183538 2333580 cuda_executor.cc:278] [0] failed to unload module 0x5b293390e010; leaking: RESOURCE_EXHAUSTED: : CUDA_ERROR_OUT_OF_MEMORY: out of memory
E0827 13:44:31.184019 2333580 cuda_executor.cc:278] [0] failed to unload module 0x5b293394c270; leaking: RESOURCE_EXHAUSTED: : CUDA_ERROR_OUT_OF_MEMORY: out of memory
E0827 13:44:31.184638 2333580 cuda_executor.cc:278] [0] failed to unload module 0x5b29338eb4e0; leaking: RESOURCE_EXHAUSTED: : CUDA_ERROR_OUT_OF_MEMORY: out of memory
E0827 13:44:31.184654 2333580 cuda_executor.cc:278] [0] failed to unload module 0x5b2933760480; leaking: RESOURCE_EXHAUSTED: : CUDA_ERROR_OUT_OF_MEMORY: out of memory
E0827 13:44:31.184667 2333580 cuda_executor.cc:278] [0] failed to unload module 0x5b29337502e0; leaking: RESOURCE_EXHAUSTED: : CUDA_ERROR_OUT_OF_MEMORY: out of memory
E0827 13:44:31.185089 2333580 cuda_executor.cc:278] [0] failed to unload module 0x5b2933969e50; leaking: RESOURCE_EXHAUSTED: : CUDA_ERROR_OUT_OF_MEMORY: out of memory
E0827 13:44:31.186493 2333580 cuda_executor.cc:278] [0] failed to unload module 0x5b294295e870; leaking: RESOURCE_EXHAUSTED: : CUDA_ERROR_OUT_OF_MEMORY: out of memory
E0827 13:44:31.188385 2333580 cuda_executor.cc:278] [0] failed to unload module 0x5b2933b66160; leaking: RESOURCE_EXHAUSTED: : CUDA_ERROR_OUT_OF_MEMORY: out of memory
E0827 13:44:31.188953 2333580 cuda_executor.cc:278] [0] failed to unload module 0x5b2936fbbd50; leaking: RESOURCE_EXHAUSTED: : CUDA_ERROR_OUT_OF_MEMORY: out of memory
E0827 13:44:31.190654 2333580 cuda_executor.cc:278] [0] failed to unload module 0x5b2951767280; leaking: RESOURCE_EXHAUSTED: : CUDA_ERROR_OUT_OF_MEMORY: out of memory
E0827 13:44:31.190664 2333580 cuda_executor.cc:278] [0] failed to unload module 0x5b2950773560; leaking: RESOURCE_EXHAUSTED: : CUDA_ERROR_OUT_OF_MEMORY: out of memory
E0827 13:44:31.191947 2333580 cuda_executor.cc:278] [0] failed to unload module 0x5b2942f0a1f0; leaking: RESOURCE_EXHAUSTED: : CUDA_ERROR_OUT_OF_MEMORY: out of memory
E0827 13:44:31.192324 2333580 cuda_executor.cc:278] [0] failed to unload module 0x5b297860d740; leaking: RESOURCE_EXHAUSTED: : CUDA_ERROR_OUT_OF_MEMORY: out of memory
E0827 13:44:31.192444 2333580 cuda_executor.cc:278] [0] failed to unload module 0x5b2978537850; leaking: RESOURCE_EXHAUSTED: : CUDA_ERROR_OUT_OF_MEMORY: out of memory
E0827 13:44:31.192719 2333580 cuda_executor.cc:278] [0] failed to unload module 0x5b295e0fdd40; leaking: RESOURCE_EXHAUSTED: : CUDA_ERROR_OUT_OF_MEMORY: out of memory
E0827 13:44:31.192998 2333580 cuda_executor.cc:278] [0] failed to unload module 0x5b295e085f50; leaking: RESOURCE_EXHAUSTED: : CUDA_ERROR_OUT_OF_MEMORY: out of memory
E0827 13:44:31.193082 2333580 cuda_executor.cc:278] [0] failed to unload module 0x5b297d7a5940; leaking: RESOURCE_EXHAUSTED: : CUDA_ERROR_OUT_OF_MEMORY: out of memory
E0827 13:44:31.193508 2333580 cuda_executor.cc:278] [0] failed to unload module 0x5b29b577f140; leaking: RESOURCE_EXHAUSTED: : CUDA_ERROR_OUT_OF_MEMORY: out of memory
E0827 13:44:31.193633 2333580 cuda_executor.cc:278] [0] failed to unload module 0x5b2950de3190; leaking: RESOURCE_EXHAUSTED: : CUDA_ERROR_OUT_OF_MEMORY: out of memory
E0827 13:44:31.193813 2333580 cuda_executor.cc:278] [0] failed to unload module 0x5b2947957170; leaking: RESOURCE_EXHAUSTED: : CUDA_ERROR_OUT_OF_MEMORY: out of memory
E0827 13:44:31.195195 2333580 cuda_executor.cc:278] [0] failed to unload module 0x5b29b56590c0; leaking: RESOURCE_EXHAUSTED: : CUDA_ERROR_OUT_OF_MEMORY: out of memory
E0827 13:44:31.195321 2333580 cuda_executor.cc:278] [0] failed to unload module 0x5b29b9c17c30; leaking: RESOURCE_EXHAUSTED: : CUDA_ERROR_OUT_OF_MEMORY: out of memory
E0827 13:44:31.195676 2333580 cuda_executor.cc:278] [0] failed to unload module 0x5b295bed8c40; leaking: RESOURCE_EXHAUSTED: : CUDA_ERROR_OUT_OF_MEMORY: out of memory
E0827 13:44:31.196075 2333580 cuda_executor.cc:278] [0] failed to unload module 0x5b29687b5d60; leaking: RESOURCE_EXHAUSTED: : CUDA_ERROR_OUT_OF_MEMORY: out of memory
E0827 13:44:31.196303 2333580 cuda_executor.cc:278] [0] failed to unload module 0x5b29b566cec0; leaking: RESOURCE_EXHAUSTED: : CUDA_ERROR_OUT_OF_MEMORY: out of memory
E0827 13:44:31.196800 2333580 cuda_executor.cc:278] [0] failed to unload module 0x5b2990111a80; leaking: RESOURCE_EXHAUSTED: : CUDA_ERROR_OUT_OF_MEMORY: out of memory
E0827 13:44:31.196949 2333580 cuda_executor.cc:278] [0] failed to unload module 0x5b29766c35d0; leaking: RESOURCE_EXHAUSTED: : CUDA_ERROR_OUT_OF_MEMORY: out of memory
E0827 13:44:31.197556 2333580 cuda_executor.cc:278] [0] failed to unload module 0x5b29addf9cd0; leaking: RESOURCE_EXHAUSTED: : CUDA_ERROR_OUT_OF_MEMORY: out of memory
E0827 13:44:31.198215 2333580 cuda_executor.cc:278] [0] failed to unload module 0x5b294ee99430; leaking: RESOURCE_EXHAUSTED: : CUDA_ERROR_OUT_OF_MEMORY: out of memory
E0827 13:44:31.198554 2333580 cuda_executor.cc:278] [0] failed to unload module 0x5b29b89d9980; leaking: RESOURCE_EXHAUSTED: : CUDA_ERROR_OUT_OF_MEMORY: out of memory
E0827 13:44:31.199032 2333580 cuda_executor.cc:278] [0] failed to unload module 0x5b2950bd5ab0; leaking: RESOURCE_EXHAUSTED: : CUDA_ERROR_OUT_OF_MEMORY: out of memory
E0827 13:44:31.199754 2333580 cuda_executor.cc:278] [0] failed to unload module 0x5b2950f47720; leaking: RESOURCE_EXHAUSTED: : CUDA_ERROR_OUT_OF_MEMORY: out of memory
E0827 13:44:31.200080 2333580 cuda_executor.cc:278] [0] failed to unload module 0x5b2974517510; leaking: RESOURCE_EXHAUSTED: : CUDA_ERROR_OUT_OF_MEMORY: out of memory
E0827 13:44:31.200273 2333580 cuda_executor.cc:278] [0] failed to unload module 0x5b298de6cb30; leaking: RESOURCE_EXHAUSTED: : CUDA_ERROR_OUT_OF_MEMORY: out of memory
E0827 13:44:31.200776 2333580 cuda_executor.cc:278] [0] failed to unload module 0x5b29bc8e9800; leaking: RESOURCE_EXHAUSTED: : CUDA_ERROR_OUT_OF_MEMORY: out of memory
E0827 13:44:31.202309 2333580 cuda_executor.cc:278] [0] failed to unload module 0x5b298ed09c40; leaking: RESOURCE_EXHAUSTED: : CUDA_ERROR_OUT_OF_MEMORY: out of memory
E0827 13:44:31.204866 2333580 cuda_executor.cc:278] [0] failed to unload module 0x5b29bca55610; leaking: RESOURCE_EXHAUSTED: : CUDA_ERROR_OUT_OF_MEMORY: out of memory
E0827 13:44:31.205166 2333580 cuda_executor.cc:278] [0] failed to unload module 0x5b297468b7a0; leaking: RESOURCE_EXHAUSTED: : CUDA_ERROR_OUT_OF_MEMORY: out of memory
E0827 13:44:31.205836 2333580 cuda_executor.cc:278] [0] failed to unload module 0x5b29464c2590; leaking: RESOURCE_EXHAUSTED: : CUDA_ERROR_OUT_OF_MEMORY: out of memory
E0827 13:44:31.206668 2333580 cuda_executor.cc:278] [0] failed to unload module 0x5b2973df0560; leaking: RESOURCE_EXHAUSTED: : CUDA_ERROR_OUT_OF_MEMORY: out of memory
E0827 13:44:31.207107 2333580 cuda_executor.cc:278] [0] failed to unload module 0x5b2952583170; leaking: RESOURCE_EXHAUSTED: : CUDA_ERROR_OUT_OF_MEMORY: out of memory
E0827 13:44:31.207616 2333580 cuda_executor.cc:278] [0] failed to unload module 0x5b296ccae230; leaking: RESOURCE_EXHAUSTED: : CUDA_ERROR_OUT_OF_MEMORY: out of memory
E0827 13:44:31.208168 2333580 cuda_executor.cc:278] [0] failed to unload module 0x5b298db23c70; leaking: RESOURCE_EXHAUSTED: : CUDA_ERROR_OUT_OF_MEMORY: out of memory
E0827 13:44:31.208488 2333580 cuda_executor.cc:278] [0] failed to unload module 0x5b296cdb4870; leaking: RESOURCE_EXHAUSTED: : CUDA_ERROR_OUT_OF_MEMORY: out of memory
E0827 13:44:31.208879 2333580 cuda_executor.cc:278] [0] failed to unload module 0x5b294795a350; leaking: RESOURCE_EXHAUSTED: : CUDA_ERROR_OUT_OF_MEMORY: out of memory
E0827 13:44:31.209260 2333580 cuda_executor.cc:278] [0] failed to unload module 0x5b296ccb3e60; leaking: RESOURCE_EXHAUSTED: : CUDA_ERROR_OUT_OF_MEMORY: out of memory
E0827 13:44:31.209889 2333580 cuda_executor.cc:278] [0] failed to unload module 0x5b2946b8e050; leaking: RESOURCE_EXHAUSTED: : CUDA_ERROR_OUT_OF_MEMORY: out of memory
E0827 13:44:31.210091 2333580 cuda_executor.cc:278] [0] failed to unload module 0x5b2947c16e80; leaking: RESOURCE_EXHAUSTED: : CUDA_ERROR_OUT_OF_MEMORY: out of memory
E0827 13:44:31.210559 2333580 cuda_executor.cc:278] [0] failed to unload module 0x5b2976ca30b0; leaking: RESOURCE_EXHAUSTED: : CUDA_ERROR_OUT_OF_MEMORY: out of memory
E0827 13:44:31.211126 2333580 cuda_executor.cc:278] [0] failed to unload module 0x5b294d4d9da0; leaking: RESOURCE_EXHAUSTED: : CUDA_ERROR_OUT_OF_MEMORY: out of memory
E0827 13:44:31.211852 2333580 cuda_executor.cc:278] [0] failed to unload module 0x5b294c59b1e0; leaking: RESOURCE_EXHAUSTED: : CUDA_ERROR_OUT_OF_MEMORY: out of memory
E0827 13:44:31.212208 2333580 cuda_executor.cc:278] [0] failed to unload module 0x5b29796ab340; leaking: RESOURCE_EXHAUSTED: : CUDA_ERROR_OUT_OF_MEMORY: out of memory
E0827 13:44:31.212730 2333580 cuda_executor.cc:278] [0] failed to unload module 0x5b296ccb2aa0; leaking: RESOURCE_EXHAUSTED: : CUDA_ERROR_OUT_OF_MEMORY: out of memory
E0827 13:44:31.212890 2333580 cuda_executor.cc:278] [0] failed to unload module 0x5b296ca039b0; leaking: RESOURCE_EXHAUSTED: : CUDA_ERROR_OUT_OF_MEMORY: out of memory
E0827 13:44:31.213298 2333580 cuda_executor.cc:278] [0] failed to unload module 0x5b2953906dc0; leaking: RESOURCE_EXHAUSTED: : CUDA_ERROR_OUT_OF_MEMORY: out of memory
E0827 13:44:31.213916 2333580 cuda_host_allocator.cc:107] [0] Failed to free host memory at 0x204c00a00: RESOURCE_EXHAUSTED: : CUDA_ERROR_OUT_OF_MEMORY: out of memory
E0827 13:44:31.214115 2333580 cuda_executor.cc:278] [0] failed to unload module 0x5b296ca01700; leaking: RESOURCE_EXHAUSTED: : CUDA_ERROR_OUT_OF_MEMORY: out of memory
E0827 13:44:31.214376 2333580 cuda_executor.cc:278] [0] failed to unload module 0x5b296ccb1150; leaking: RESOURCE_EXHAUSTED: : CUDA_ERROR_OUT_OF_MEMORY: out of memory
E0827 13:44:31.214757 2333580 cuda_executor.cc:278] [0] failed to unload module 0x5b296ccafc40; leaking: RESOURCE_EXHAUSTED: : CUDA_ERROR_OUT_OF_MEMORY: out of memory
E0827 13:44:31.215239 2333580 cuda_executor.cc:278] [0] failed to unload module 0x5b296ca03f80; leaking: RESOURCE_EXHAUSTED: : CUDA_ERROR_OUT_OF_MEMORY: out of memory
E0827 13:44:31.216627 2333580 cuda_executor.cc:278] [0] failed to unload module 0x5b2947c174a0; leaking: RESOURCE_EXHAUSTED: : CUDA_ERROR_OUT_OF_MEMORY: out of memory
E0827 13:44:31.217422 2333580 cuda_executor.cc:278] [0] failed to unload module 0x5b2947c167d0; leaking: RESOURCE_EXHAUSTED: : CUDA_ERROR_OUT_OF_MEMORY: out of memory
E0827 13:44:31.217722 2333580 cuda_executor.cc:278] [0] failed to unload module 0x5b2947956e90; leaking: RESOURCE_EXHAUSTED: : CUDA_ERROR_OUT_OF_MEMORY: out of memory
E0827 13:44:31.217752 2333580 cuda_host_allocator.cc:107] [0] Failed to free host memory at 0x204c00600: RESOURCE_EXHAUSTED: : CUDA_ERROR_OUT_OF_MEMORY: out of memory
E0827 13:44:31.217757 2333580 cuda_executor.cc:278] [0] failed to unload module 0x5b2947c171b0; leaking: RESOURCE_EXHAUSTED: : CUDA_ERROR_OUT_OF_MEMORY: out of memory
E0827 13:44:31.217762 2333580 cuda_executor.cc:278] [0] failed to unload module 0x5b2947c14b10; leaking: RESOURCE_EXHAUSTED: : CUDA_ERROR_OUT_OF_MEMORY: out of memory
E0827 13:44:31.217918 2333580 cuda_executor.cc:278] [0] failed to unload module 0x5b2947c134d0; leaking: RESOURCE_EXHAUSTED: : CUDA_ERROR_OUT_OF_MEMORY: out of memory
E0827 13:44:31.218238 2333580 cuda_executor.cc:278] [0] failed to unload module 0x5b2947c13f90; leaking: RESOURCE_EXHAUSTED: : CUDA_ERROR_OUT_OF_MEMORY: out of memory
E0827 13:44:31.219539 2333580 cuda_executor.cc:278] [0] failed to unload module 0x5b2947955980; leaking: RESOURCE_EXHAUSTED: : CUDA_ERROR_OUT_OF_MEMORY: out of memory
E0827 13:44:31.219772 2333580 cuda_executor.cc:278] [0] failed to unload module 0x5b294794c1d0; leaking: RESOURCE_EXHAUSTED: : CUDA_ERROR_OUT_OF_MEMORY: out of memory
E0827 13:44:31.219906 2333580 cuda_executor.cc:278] [0] failed to unload module 0x5b294794b6f0; leaking: RESOURCE_EXHAUSTED: : CUDA_ERROR_OUT_OF_MEMORY: out of memory
E0827 13:44:31.219916 2333580 cuda_host_allocator.cc:107] [0] Failed to free host memory at 0x204c00400: RESOURCE_EXHAUSTED: : CUDA_ERROR_OUT_OF_MEMORY: out of memory
E0827 13:44:31.219919 2333580 cuda_executor.cc:278] [0] failed to unload module 0x5b2947959d80; leaking: RESOURCE_EXHAUSTED: : CUDA_ERROR_OUT_OF_MEMORY: out of memory
E0827 13:44:31.220066 2333580 cuda_executor.cc:278] [0] failed to unload module 0x5b294794a750; leaking: RESOURCE_EXHAUSTED: : CUDA_ERROR_OUT_OF_MEMORY: out of memory
E0827 13:44:31.220183 2333580 cuda_executor.cc:278] [0] failed to unload module 0x5b294794b3e0; leaking: RESOURCE_EXHAUSTED: : CUDA_ERROR_OUT_OF_MEMORY: out of memory
E0827 13:44:31.220508 2333580 cuda_executor.cc:278] [0] failed to unload module 0x5b2947958e70; leaking: RESOURCE_EXHAUSTED: : CUDA_ERROR_OUT_OF_MEMORY: out of memory
E0827 13:44:31.221398 2333580 cuda_executor.cc:278] [0] failed to unload module 0x5b2944e69b70; leaking: RESOURCE_EXHAUSTED: : CUDA_ERROR_OUT_OF_MEMORY: out of memory
E0827 13:44:31.221819 2333580 cuda_executor.cc:278] [0] failed to unload module 0x5b29537ff040; leaking: RESOURCE_EXHAUSTED: : CUDA_ERROR_OUT_OF_MEMORY: out of memory
E0827 13:44:31.221845 2333580 cuda_executor.cc:278] [0] failed to unload module 0x5b296ca03ca0; leaking: RESOURCE_EXHAUSTED: : CUDA_ERROR_OUT_OF_MEMORY: out of memory
E0827 13:44:31.221984 2333580 cuda_host_allocator.cc:107] [0] Failed to free host memory at 0x204c00800: RESOURCE_EXHAUSTED: : CUDA_ERROR_OUT_OF_MEMORY: out of memory
E0827 13:44:31.221990 2333580 cuda_executor.cc:278] [0] failed to unload module 0x5b294ee64e00; leaking: RESOURCE_EXHAUSTED: : CUDA_ERROR_OUT_OF_MEMORY: out of memory
E0827 13:44:31.222107 2333580 cuda_executor.cc:278] [0] failed to unload module 0x5b296ca03680; leaking: RESOURCE_EXHAUSTED: : CUDA_ERROR_OUT_OF_MEMORY: out of memory
E0827 13:44:31.222377 2333580 cuda_executor.cc:278] [0] failed to unload module 0x5b29538c41d0; leaking: RESOURCE_EXHAUSTED: : CUDA_ERROR_OUT_OF_MEMORY: out of memory
E0827 13:44:31.223098 2333580 cuda_executor.cc:278] [0] failed to unload module 0x5b29538eba40; leaking: RESOURCE_EXHAUSTED: : CUDA_ERROR_OUT_OF_MEMORY: out of memory
E0827 13:44:31.224779 2333580 cuda_executor.cc:278] [0] failed to unload module 0x5b294c36dce0; leaking: RESOURCE_EXHAUSTED: : CUDA_ERROR_OUT_OF_MEMORY: out of memory
E0827 13:44:31.224935 2333580 cuda_executor.cc:278] [0] failed to unload module 0x5b294634a8e0; leaking: RESOURCE_EXHAUSTED: : CUDA_ERROR_OUT_OF_MEMORY: out of memory
E0827 13:44:31.225169 2333580 cuda_executor.cc:278] [0] failed to unload module 0x5b294c93b450; leaking: RESOURCE_EXHAUSTED: : CUDA_ERROR_OUT_OF_MEMORY: out of memory
E0827 13:44:31.225594 2333580 cuda_executor.cc:278] [0] failed to unload module 0x5b295e0cc1d0; leaking: RESOURCE_EXHAUSTED: : CUDA_ERROR_OUT_OF_MEMORY: out of memory
E0827 13:44:31.226250 2333580 cuda_executor.cc:278] [0] failed to unload module 0x5b294cb6e5c0; leaking: RESOURCE_EXHAUSTED: : CUDA_ERROR_OUT_OF_MEMORY: out of memory
E0827 13:44:31.226371 2333580 cuda_executor.cc:278] [0] failed to unload module 0x5b29538a1200; leaking: RESOURCE_EXHAUSTED: : CUDA_ERROR_OUT_OF_MEMORY: out of memory
E0827 13:44:31.226469 2333580 cuda_executor.cc:278] [0] failed to unload module 0x5b2986be1580; leaking: RESOURCE_EXHAUSTED: : CUDA_ERROR_OUT_OF_MEMORY: out of memory
E0827 13:44:31.226832 2333580 cuda_executor.cc:278] [0] failed to unload module 0x5b294f43e400; leaking: RESOURCE_EXHAUSTED: : CUDA_ERROR_OUT_OF_MEMORY: out of memory
E0827 13:44:31.227258 2333580 cuda_executor.cc:278] [0] failed to unload module 0x5b294d208e20; leaking: RESOURCE_EXHAUSTED: : CUDA_ERROR_OUT_OF_MEMORY: out of memory
E0827 13:44:31.227496 2333580 cuda_executor.cc:278] [0] failed to unload module 0x5b2947cf9a80; leaking: RESOURCE_EXHAUSTED: : CUDA_ERROR_OUT_OF_MEMORY: out of memory
E0827 13:44:31.227903 2333580 cuda_executor.cc:278] [0] failed to unload module 0x5b2952cdb2c0; leaking: RESOURCE_EXHAUSTED: : CUDA_ERROR_OUT_OF_MEMORY: out of memory
E0827 13:44:31.228501 2333580 cuda_executor.cc:278] [0] failed to unload module 0x5b2973b94010; leaking: RESOURCE_EXHAUSTED: : CUDA_ERROR_OUT_OF_MEMORY: out of memory
E0827 13:44:31.228998 2333580 cuda_executor.cc:278] [0] failed to unload module 0x5b2976e6e600; leaking: RESOURCE_EXHAUSTED: : CUDA_ERROR_OUT_OF_MEMORY: out of memory
E0827 13:44:31.229204 2333580 cuda_executor.cc:278] [0] failed to unload module 0x5b297c152ec0; leaking: RESOURCE_EXHAUSTED: : CUDA_ERROR_OUT_OF_MEMORY: out of memory
E0827 13:44:31.229578 2333580 cuda_executor.cc:278] [0] failed to unload module 0x5b298fd699f0; leaking: RESOURCE_EXHAUSTED: : CUDA_ERROR_OUT_OF_MEMORY: out of memory
E0827 13:44:31.229851 2333580 cuda_executor.cc:278] [0] failed to unload module 0x5b29a6317630; leaking: RESOURCE_EXHAUSTED: : CUDA_ERROR_OUT_OF_MEMORY: out of memory
E0827 13:44:31.234471 2333580 cuda_executor.cc:278] [0] failed to unload module 0x5b294ecfa5d0; leaking: RESOURCE_EXHAUSTED: : CUDA_ERROR_OUT_OF_MEMORY: out of memory
E0827 13:44:31.238020 2333580 cuda_executor.cc:278] [0] failed to unload module 0x5b294f2449e0; leaking: RESOURCE_EXHAUSTED: : CUDA_ERROR_OUT_OF_MEMORY: out of memory
E0827 13:44:31.238565 2333580 cuda_executor.cc:278] [0] failed to unload module 0x5b294ef3e9b0; leaking: RESOURCE_EXHAUSTED: : CUDA_ERROR_OUT_OF_MEMORY: out of memory
E0827 13:44:31.239158 2333580 cuda_executor.cc:278] [0] failed to unload module 0x5b294ee71470; leaking: RESOURCE_EXHAUSTED: : CUDA_ERROR_OUT_OF_MEMORY: out of memory
E0827 13:44:31.239297 2333580 cuda_executor.cc:278] [0] failed to unload module 0x5b294efae130; leaking: RESOURCE_EXHAUSTED: : CUDA_ERROR_OUT_OF_MEMORY: out of memory
E0827 13:44:31.239475 2333580 cuda_executor.cc:278] [0] failed to unload module 0x5b294ef33630; leaking: RESOURCE_EXHAUSTED: : CUDA_ERROR_OUT_OF_MEMORY: out of memory
E0827 13:44:31.241169 2333580 cuda_executor.cc:278] [0] failed to unload module 0x5b294ef5e920; leaking: RESOURCE_EXHAUSTED: : CUDA_ERROR_OUT_OF_MEMORY: out of memory
E0827 13:44:31.241747 2333580 cuda_executor.cc:278] [0] failed to unload module 0x5b294ef568b0; leaking: RESOURCE_EXHAUSTED: : CUDA_ERROR_OUT_OF_MEMORY: out of memory
E0827 13:44:31.242314 2333580 cuda_executor.cc:278] [0] failed to unload module 0x5b294ef4da00; leaking: RESOURCE_EXHAUSTED: : CUDA_ERROR_OUT_OF_MEMORY: out of memory
E0827 13:44:31.242323 2333580 cuda_executor.cc:278] [0] failed to unload module 0x5b294ef327e0; leaking: RESOURCE_EXHAUSTED: : CUDA_ERROR_OUT_OF_MEMORY: out of memory
E0827 13:44:31.242332 2333580 cuda_executor.cc:278] [0] failed to unload module 0x5b294eee8e30; leaking: RESOURCE_EXHAUSTED: : CUDA_ERROR_OUT_OF_MEMORY: out of memory
E0827 13:44:31.242491 2333580 cuda_executor.cc:278] [0] failed to unload module 0x5b294ece7110; leaking: RESOURCE_EXHAUSTED: : CUDA_ERROR_OUT_OF_MEMORY: out of memory
E0827 13:44:31.249300 2333580 cuda_executor.cc:278] [0] failed to unload module 0x5b294efbb200; leaking: RESOURCE_EXHAUSTED: : CUDA_ERROR_OUT_OF_MEMORY: out of memory
E0827 13:44:31.249326 2333580 cuda_executor.cc:278] [0] failed to unload module 0x5b294ef71640; leaking: RESOURCE_EXHAUSTED: : CUDA_ERROR_OUT_OF_MEMORY: out of memory
E0827 13:44:31.249332 2333580 cuda_executor.cc:278] [0] failed to unload module 0x5b294ef6d340; leaking: RESOURCE_EXHAUSTED: : CUDA_ERROR_OUT_OF_MEMORY: out of memory
E0827 13:44:31.249455 2333580 cuda_executor.cc:278] [0] failed to unload module 0x5b294eeeacd0; leaking: RESOURCE_EXHAUSTED: : CUDA_ERROR_OUT_OF_MEMORY: out of memory
E0827 13:44:31.249776 2333580 cuda_executor.cc:278] [0] failed to unload module 0x5b294ef54cc0; leaking: RESOURCE_EXHAUSTED: : CUDA_ERROR_OUT_OF_MEMORY: out of memory
E0827 13:44:31.249783 2333580 cuda_executor.cc:278] [0] failed to unload module 0x5b294efb9b40; leaking: RESOURCE_EXHAUSTED: : CUDA_ERROR_OUT_OF_MEMORY: out of memory
E0827 13:44:31.249806 2333580 cuda_executor.cc:278] [0] failed to unload module 0x5b294efb94c0; leaking: RESOURCE_EXHAUSTED: : CUDA_ERROR_OUT_OF_MEMORY: out of memory
E0827 13:44:31.251749 2333580 cuda_executor.cc:278] [0] failed to unload module 0x5b297b4fa2b0; leaking: RESOURCE_EXHAUSTED: : CUDA_ERROR_OUT_OF_MEMORY: out of memory
E0827 13:44:31.251852 2333580 cuda_executor.cc:278] [0] failed to unload module 0x5b2952872790; leaking: RESOURCE_EXHAUSTED: : CUDA_ERROR_OUT_OF_MEMORY: out of memory
E0827 13:44:31.251958 2333580 cuda_executor.cc:278] [0] failed to unload module 0x5b2967ea3640; leaking: RESOURCE_EXHAUSTED: : CUDA_ERROR_OUT_OF_MEMORY: out of memory
E0827 13:44:31.251981 2333580 cuda_executor.cc:278] [0] failed to unload module 0x5b295154d9c0; leaking: RESOURCE_EXHAUSTED: : CUDA_ERROR_OUT_OF_MEMORY: out of memory
E0827 13:44:31.252205 2333580 cuda_executor.cc:278] [0] failed to unload module 0x5b295e0c68c0; leaking: RESOURCE_EXHAUSTED: : CUDA_ERROR_OUT_OF_MEMORY: out of memory
E0827 13:44:31.252927 2333580 cuda_executor.cc:278] [0] failed to unload module 0x5b29516e8f80; leaking: RESOURCE_EXHAUSTED: : CUDA_ERROR_OUT_OF_MEMORY: out of memory
E0827 13:44:31.253295 2333580 cuda_executor.cc:278] [0] failed to unload module 0x5b2986c073d0; leaking: RESOURCE_EXHAUSTED: : CUDA_ERROR_OUT_OF_MEMORY: out of memory
E0827 13:44:31.253524 2333580 cuda_executor.cc:278] [0] failed to unload module 0x5b2986c00580; leaking: RESOURCE_EXHAUSTED: : CUDA_ERROR_OUT_OF_MEMORY: out of memory
E0827 13:44:31.254662 2333580 cuda_executor.cc:278] [0] failed to unload module 0x5b295bfa2950; leaking: RESOURCE_EXHAUSTED: : CUDA_ERROR_OUT_OF_MEMORY: out of memory
E0827 13:44:31.255484 2333580 cuda_executor.cc:278] [0] failed to unload module 0x5b295388ad60; leaking: RESOURCE_EXHAUSTED: : CUDA_ERROR_OUT_OF_MEMORY: out of memory
E0827 13:44:31.255702 2333580 cuda_executor.cc:278] [0] failed to unload module 0x5b295bf21190; leaking: RESOURCE_EXHAUSTED: : CUDA_ERROR_OUT_OF_MEMORY: out of memory
E0827 13:44:31.256079 2333580 cuda_executor.cc:278] [0] failed to unload module 0x5b2953977f30; leaking: RESOURCE_EXHAUSTED: : CUDA_ERROR_OUT_OF_MEMORY: out of memory
E0827 13:44:31.256087 2333580 cuda_executor.cc:278] [0] failed to unload module 0x5b2953845bb0; leaking: RESOURCE_EXHAUSTED: : CUDA_ERROR_OUT_OF_MEMORY: out of memory
E0827 13:44:31.257625 2333580 cuda_executor.cc:278] [0] failed to unload module 0x5b29538836c0; leaking: RESOURCE_EXHAUSTED: : CUDA_ERROR_OUT_OF_MEMORY: out of memory
E0827 13:44:31.258275 2333580 cuda_executor.cc:278] [0] failed to unload module 0x5b29538ab1b0; leaking: RESOURCE_EXHAUSTED: : CUDA_ERROR_OUT_OF_MEMORY: out of memory
E0827 13:44:31.258502 2333580 cuda_executor.cc:278] [0] failed to unload module 0x5b29538a2f80; leaking: RESOURCE_EXHAUSTED: : CUDA_ERROR_OUT_OF_MEMORY: out of memory
E0827 13:44:31.260337 2333580 cuda_executor.cc:278] [0] failed to unload module 0x5b295d325280; leaking: RESOURCE_EXHAUSTED: : CUDA_ERROR_OUT_OF_MEMORY: out of memory
E0827 13:44:31.260349 2333580 cuda_executor.cc:278] [0] failed to unload module 0x5b295d2e83d0; leaking: RESOURCE_EXHAUSTED: : CUDA_ERROR_OUT_OF_MEMORY: out of memory
E0827 13:44:31.260721 2333580 cuda_executor.cc:278] [0] failed to unload module 0x5b295d38b9c0; leaking: RESOURCE_EXHAUSTED: : CUDA_ERROR_OUT_OF_MEMORY: out of memory
E0827 13:44:31.261061 2333580 cuda_executor.cc:278] [0] failed to unload module 0x5b2947c17780; leaking: RESOURCE_EXHAUSTED: : CUDA_ERROR_OUT_OF_MEMORY: out of memory
E0827 13:44:31.261602 2333580 cuda_executor.cc:278] [0] failed to unload module 0x5b296848b220; leaking: RESOURCE_EXHAUSTED: : CUDA_ERROR_OUT_OF_MEMORY: out of memory
E0827 13:44:31.262279 2333580 cuda_executor.cc:278] [0] failed to unload module 0x5b29681ed860; leaking: RESOURCE_EXHAUSTED: : CUDA_ERROR_OUT_OF_MEMORY: out of memory
E0827 13:44:31.262293 2333580 cuda_executor.cc:278] [0] failed to unload module 0x5b296803bf80; leaking: RESOURCE_EXHAUSTED: : CUDA_ERROR_OUT_OF_MEMORY: out of memory
E0827 13:44:31.262955 2333580 cuda_executor.cc:278] [0] failed to unload module 0x5b296869c2a0; leaking: RESOURCE_EXHAUSTED: : CUDA_ERROR_OUT_OF_MEMORY: out of memory
E0827 13:44:31.262983 2333580 cuda_executor.cc:278] [0] failed to unload module 0x5b2968496750; leaking: RESOURCE_EXHAUSTED: : CUDA_ERROR_OUT_OF_MEMORY: out of memory
E0827 13:44:31.263098 2333580 cuda_executor.cc:278] [0] failed to unload module 0x5b29681e8e90; leaking: RESOURCE_EXHAUSTED: : CUDA_ERROR_OUT_OF_MEMORY: out of memory
E0827 13:44:31.263241 2333580 cuda_executor.cc:278] [0] failed to unload module 0x5b2967fad310; leaking: RESOURCE_EXHAUSTED: : CUDA_ERROR_OUT_OF_MEMORY: out of memory
E0827 13:44:31.263629 2333580 cuda_executor.cc:278] [0] failed to unload module 0x5b29685858c0; leaking: RESOURCE_EXHAUSTED: : CUDA_ERROR_OUT_OF_MEMORY: out of memory
E0827 13:44:31.263785 2333580 cuda_executor.cc:278] [0] failed to unload module 0x5b296822da30; leaking: RESOURCE_EXHAUSTED: : CUDA_ERROR_OUT_OF_MEMORY: out of memory
E0827 13:44:31.263808 2333580 cuda_executor.cc:278] [0] failed to unload module 0x5b2986bdd4e0; leaking: RESOURCE_EXHAUSTED: : CUDA_ERROR_OUT_OF_MEMORY: out of memory
E0827 13:44:31.264446 2333580 cuda_executor.cc:278] [0] failed to unload module 0x5b29682b8db0; leaking: RESOURCE_EXHAUSTED: : CUDA_ERROR_OUT_OF_MEMORY: out of memory
E0827 13:44:31.264928 2333580 cuda_executor.cc:278] [0] failed to unload module 0x5b296824def0; leaking: RESOURCE_EXHAUSTED: : CUDA_ERROR_OUT_OF_MEMORY: out of memory
E0827 13:44:31.265086 2333580 cuda_executor.cc:278] [0] failed to unload module 0x5b296828e590; leaking: RESOURCE_EXHAUSTED: : CUDA_ERROR_OUT_OF_MEMORY: out of memory
E0827 13:44:31.265523 2333580 cuda_executor.cc:278] [0] failed to unload module 0x5b2988915460; leaking: RESOURCE_EXHAUSTED: : CUDA_ERROR_OUT_OF_MEMORY: out of memory
E0827 13:44:31.265539 2333580 cuda_executor.cc:278] [0] failed to unload module 0x5b2968293370; leaking: RESOURCE_EXHAUSTED: : CUDA_ERROR_OUT_OF_MEMORY: out of memory
E0827 13:44:31.265545 2333580 cuda_executor.cc:278] [0] failed to unload module 0x5b2968285e60; leaking: RESOURCE_EXHAUSTED: : CUDA_ERROR_OUT_OF_MEMORY: out of memory
E0827 13:44:31.266711 2333580 cuda_executor.cc:278] [0] failed to unload module 0x5b29681b9d60; leaking: RESOURCE_EXHAUSTED: : CUDA_ERROR_OUT_OF_MEMORY: out of memory
E0827 13:44:31.266738 2333580 cuda_executor.cc:278] [0] failed to unload module 0x5b296811fef0; leaking: RESOURCE_EXHAUSTED: : CUDA_ERROR_OUT_OF_MEMORY: out of memory
E0827 13:44:31.266745 2333580 cuda_executor.cc:278] [0] failed to unload module 0x5b2968179040; leaking: RESOURCE_EXHAUSTED: : CUDA_ERROR_OUT_OF_MEMORY: out of memory
E0827 13:44:31.266904 2333580 cuda_executor.cc:278] [0] failed to unload module 0x5b296813d240; leaking: RESOURCE_EXHAUSTED: : CUDA_ERROR_OUT_OF_MEMORY: out of memory
E0827 13:44:31.267826 2333580 cuda_executor.cc:278] [0] failed to unload module 0x5b2968234580; leaking: RESOURCE_EXHAUSTED: : CUDA_ERROR_OUT_OF_MEMORY: out of memory
E0827 13:44:31.268051 2333580 cuda_executor.cc:278] [0] failed to unload module 0x5b29682ad970; leaking: RESOURCE_EXHAUSTED: : CUDA_ERROR_OUT_OF_MEMORY: out of memory
E0827 13:44:31.268060 2333580 cuda_executor.cc:278] [0] failed to unload module 0x5b296815a580; leaking: RESOURCE_EXHAUSTED: : CUDA_ERROR_OUT_OF_MEMORY: out of memory
E0827 13:44:31.268066 2333580 cuda_executor.cc:278] [0] failed to unload module 0x5b29681026e0; leaking: RESOURCE_EXHAUSTED: : CUDA_ERROR_OUT_OF_MEMORY: out of memory
E0827 13:44:31.268072 2333580 cuda_executor.cc:278] [0] failed to unload module 0x5b2968116cf0; leaking: RESOURCE_EXHAUSTED: : CUDA_ERROR_OUT_OF_MEMORY: out of memory
E0827 13:44:31.268077 2333580 cuda_executor.cc:278] [0] failed to unload module 0x5b29681029c0; leaking: RESOURCE_EXHAUSTED: : CUDA_ERROR_OUT_OF_MEMORY: out of memory
E0827 13:44:31.268082 2333580 cuda_executor.cc:278] [0] failed to unload module 0x5b296818c980; leaking: RESOURCE_EXHAUSTED: : CUDA_ERROR_OUT_OF_MEMORY: out of memory
E0827 13:44:31.272804 2333580 cuda_executor.cc:278] [0] failed to unload module 0x5b2977f4e760; leaking: RESOURCE_EXHAUSTED: : CUDA_ERROR_OUT_OF_MEMORY: out of memory
E0827 13:44:31.277726 2333580 cuda_executor.cc:278] [0] failed to unload module 0x5b2977ddc1d0; leaking: RESOURCE_EXHAUSTED: : CUDA_ERROR_OUT_OF_MEMORY: out of memory
E0827 13:44:31.277740 2333580 cuda_executor.cc:278] [0] failed to unload module 0x5b2977e0dfd0; leaking: RESOURCE_EXHAUSTED: : CUDA_ERROR_OUT_OF_MEMORY: out of memory
E0827 13:44:31.277879 2333580 cuda_executor.cc:278] [0] failed to unload module 0x5b2977d359a0; leaking: RESOURCE_EXHAUSTED: : CUDA_ERROR_OUT_OF_MEMORY: out of memory
E0827 13:44:31.277894 2333580 cuda_executor.cc:278] [0] failed to unload module 0x5b2977f54010; leaking: RESOURCE_EXHAUSTED: : CUDA_ERROR_OUT_OF_MEMORY: out of memory
E0827 13:44:31.278011 2333580 cuda_executor.cc:278] [0] failed to unload module 0x5b297858e6c0; leaking: RESOURCE_EXHAUSTED: : CUDA_ERROR_OUT_OF_MEMORY: out of memory
E0827 13:44:31.278110 2333580 cuda_executor.cc:278] [0] failed to unload module 0x5b2978357340; leaking: RESOURCE_EXHAUSTED: : CUDA_ERROR_OUT_OF_MEMORY: out of memory
E0827 13:44:31.279219 2333580 cuda_executor.cc:278] [0] failed to unload module 0x5b29785662e0; leaking: RESOURCE_EXHAUSTED: : CUDA_ERROR_OUT_OF_MEMORY: out of memory
E0827 13:44:31.279588 2333580 cuda_executor.cc:278] [0] failed to unload module 0x5b297853f080; leaking: RESOURCE_EXHAUSTED: : CUDA_ERROR_OUT_OF_MEMORY: out of memory
E0827 13:44:31.279593 2333580 cuda_executor.cc:278] [0] failed to unload module 0x5b29784f7c40; leaking: RESOURCE_EXHAUSTED: : CUDA_ERROR_OUT_OF_MEMORY: out of memory
E0827 13:44:31.280265 2333580 cuda_executor.cc:278] [0] failed to unload module 0x5b2978481340; leaking: RESOURCE_EXHAUSTED: : CUDA_ERROR_OUT_OF_MEMORY: out of memory
E0827 13:44:31.280603 2333580 cuda_executor.cc:278] [0] failed to unload module 0x5b29782089d0; leaking: RESOURCE_EXHAUSTED: : CUDA_ERROR_OUT_OF_MEMORY: out of memory
E0827 13:44:31.280718 2333580 cuda_executor.cc:278] [0] failed to unload module 0x5b2977d57710; leaking: RESOURCE_EXHAUSTED: : CUDA_ERROR_OUT_OF_MEMORY: out of memory
E0827 13:44:31.280846 2333580 cuda_executor.cc:278] [0] failed to unload module 0x5b297832f2a0; leaking: RESOURCE_EXHAUSTED: : CUDA_ERROR_OUT_OF_MEMORY: out of memory
E0827 13:44:31.280867 2333580 cuda_executor.cc:278] [0] failed to unload module 0x5b2978533ff0; leaking: RESOURCE_EXHAUSTED: : CUDA_ERROR_OUT_OF_MEMORY: out of memory
E0827 13:44:31.280873 2333580 cuda_executor.cc:278] [0] failed to unload module 0x5b29784472e0; leaking: RESOURCE_EXHAUSTED: : CUDA_ERROR_OUT_OF_MEMORY: out of memory
E0827 13:44:31.280879 2333580 cuda_executor.cc:278] [0] failed to unload module 0x5b2978406730; leaking: RESOURCE_EXHAUSTED: : CUDA_ERROR_OUT_OF_MEMORY: out of memory
E0827 13:44:31.280885 2333580 cuda_executor.cc:278] [0] failed to unload module 0x5b29784b7350; leaking: RESOURCE_EXHAUSTED: : CUDA_ERROR_OUT_OF_MEMORY: out of memory
E0827 13:44:31.282528 2333580 cuda_executor.cc:278] [0] failed to unload module 0x5b297855f5f0; leaking: RESOURCE_EXHAUSTED: : CUDA_ERROR_OUT_OF_MEMORY: out of memory
E0827 13:44:31.282555 2333580 cuda_executor.cc:278] [0] failed to unload module 0x5b2978562360; leaking: RESOURCE_EXHAUSTED: : CUDA_ERROR_OUT_OF_MEMORY: out of memory
E0827 13:44:31.282561 2333580 cuda_executor.cc:278] [0] failed to unload module 0x5b2978444680; leaking: RESOURCE_EXHAUSTED: : CUDA_ERROR_OUT_OF_MEMORY: out of memory
E0827 13:44:31.282566 2333580 cuda_executor.cc:278] [0] failed to unload module 0x5b2978da9680; leaking: RESOURCE_EXHAUSTED: : CUDA_ERROR_OUT_OF_MEMORY: out of memory
E0827 13:44:31.282580 2333580 cuda_executor.cc:278] [0] failed to unload module 0x5b29783579e0; leaking: RESOURCE_EXHAUSTED: : CUDA_ERROR_OUT_OF_MEMORY: out of memory
E0827 13:44:31.282709 2333580 cuda_executor.cc:278] [0] failed to unload module 0x5b2978345f40; leaking: RESOURCE_EXHAUSTED: : CUDA_ERROR_OUT_OF_MEMORY: out of memory
E0827 13:44:31.282737 2333580 cuda_executor.cc:278] [0] failed to unload module 0x5b297832baa0; leaking: RESOURCE_EXHAUSTED: : CUDA_ERROR_OUT_OF_MEMORY: out of memory
E0827 13:44:31.282744 2333580 cuda_executor.cc:278] [0] failed to unload module 0x5b29785149b0; leaking: RESOURCE_EXHAUSTED: : CUDA_ERROR_OUT_OF_MEMORY: out of memory
E0827 13:44:31.282989 2333580 cuda_executor.cc:278] [0] failed to unload module 0x5b2978d8ae60; leaking: RESOURCE_EXHAUSTED: : CUDA_ERROR_OUT_OF_MEMORY: out of memory
E0827 13:44:31.282999 2333580 cuda_executor.cc:278] [0] failed to unload module 0x5b2978e6a5a0; leaking: RESOURCE_EXHAUSTED: : CUDA_ERROR_OUT_OF_MEMORY: out of memory
E0827 13:44:31.283005 2333580 cuda_executor.cc:278] [0] failed to unload module 0x5b297847fa20; leaking: RESOURCE_EXHAUSTED: : CUDA_ERROR_OUT_OF_MEMORY: out of memory
E0827 13:44:31.283200 2333580 cuda_executor.cc:278] [0] failed to unload module 0x5b29784b30b0; leaking: RESOURCE_EXHAUSTED: : CUDA_ERROR_OUT_OF_MEMORY: out of memory
E0827 13:44:31.283470 2333580 cuda_executor.cc:278] [0] failed to unload module 0x5b29785eb840; leaking: RESOURCE_EXHAUSTED: : CUDA_ERROR_OUT_OF_MEMORY: out of memory
E0827 13:44:31.284596 2333580 cuda_executor.cc:278] [0] failed to unload module 0x5b2978438360; leaking: RESOURCE_EXHAUSTED: : CUDA_ERROR_OUT_OF_MEMORY: out of memory
E0827 13:44:31.284607 2333580 cuda_executor.cc:278] [0] failed to unload module 0x5b29784ee940; leaking: RESOURCE_EXHAUSTED: : CUDA_ERROR_OUT_OF_MEMORY: out of memory
E0827 13:44:31.284620 2333580 cuda_executor.cc:278] [0] failed to unload module 0x5b2978474160; leaking: RESOURCE_EXHAUSTED: : CUDA_ERROR_OUT_OF_MEMORY: out of memory
E0827 13:44:31.285362 2333580 cuda_executor.cc:278] [0] failed to unload module 0x5b29784ec960; leaking: RESOURCE_EXHAUSTED: : CUDA_ERROR_OUT_OF_MEMORY: out of memory
E0827 13:44:31.285373 2333580 cuda_executor.cc:278] [0] failed to unload module 0x5b297837d3a0; leaking: RESOURCE_EXHAUSTED: : CUDA_ERROR_OUT_OF_MEMORY: out of memory
E0827 13:44:31.285608 2333580 cuda_executor.cc:278] [0] failed to unload module 0x5b29784086d0; leaking: RESOURCE_EXHAUSTED: : CUDA_ERROR_OUT_OF_MEMORY: out of memory
E0827 13:44:31.285621 2333580 cuda_executor.cc:278] [0] failed to unload module 0x5b29783cd020; leaking: RESOURCE_EXHAUSTED: : CUDA_ERROR_OUT_OF_MEMORY: out of memory
E0827 13:44:31.285765 2333580 cuda_executor.cc:278] [0] failed to unload module 0x5b2978448dd0; leaking: RESOURCE_EXHAUSTED: : CUDA_ERROR_OUT_OF_MEMORY: out of memory
E0827 13:44:31.286153 2333580 cuda_executor.cc:278] [0] failed to unload module 0x5b2978a5b480; leaking: RESOURCE_EXHAUSTED: : CUDA_ERROR_OUT_OF_MEMORY: out of memory
E0827 13:44:31.286160 2333580 cuda_executor.cc:278] [0] failed to unload module 0x5b29783ac7a0; leaking: RESOURCE_EXHAUSTED: : CUDA_ERROR_OUT_OF_MEMORY: out of memory
E0827 13:44:31.297854 2333580 cuda_executor.cc:278] [0] failed to unload module 0x5b29bfda4900; leaking: RESOURCE_EXHAUSTED: : CUDA_ERROR_OUT_OF_MEMORY: out of memory
E0827 13:44:31.297891 2333580 cuda_executor.cc:278] [0] failed to unload module 0x5b294ad6c3c0; leaking: RESOURCE_EXHAUSTED: : CUDA_ERROR_OUT_OF_MEMORY: out of memory
E0827 13:44:31.298183 2333580 cuda_executor.cc:278] [0] failed to unload module 0x5b297684a370; leaking: RESOURCE_EXHAUSTED: : CUDA_ERROR_OUT_OF_MEMORY: out of memory
E0827 13:44:31.298294 2333580 cuda_executor.cc:278] [0] failed to unload module 0x5b29900672f0; leaking: RESOURCE_EXHAUSTED: : CUDA_ERROR_OUT_OF_MEMORY: out of memory
E0827 13:44:31.298773 2333580 cuda_executor.cc:278] [0] failed to unload module 0x5b29783304c0; leaking: RESOURCE_EXHAUSTED: : CUDA_ERROR_OUT_OF_MEMORY: out of memory
E0827 13:44:31.298781 2333580 cuda_executor.cc:278] [0] failed to unload module 0x5b29783bac00; leaking: RESOURCE_EXHAUSTED: : CUDA_ERROR_OUT_OF_MEMORY: out of memory
E0827 13:44:31.298789 2333580 cuda_executor.cc:278] [0] failed to unload module 0x5b2978399980; leaking: RESOURCE_EXHAUSTED: : CUDA_ERROR_OUT_OF_MEMORY: out of memory
E0827 13:44:31.300058 2333580 cuda_executor.cc:278] [0] failed to unload module 0x5b2990051f40; leaking: RESOURCE_EXHAUSTED: : CUDA_ERROR_OUT_OF_MEMORY: out of memory
E0827 13:44:31.300532 2333580 cuda_executor.cc:278] [0] failed to unload module 0x5b2990097d10; leaking: RESOURCE_EXHAUSTED: : CUDA_ERROR_OUT_OF_MEMORY: out of memory
E0827 13:44:31.301234 2333580 cuda_executor.cc:278] [0] failed to unload module 0x5b29928beb90; leaking: RESOURCE_EXHAUSTED: : CUDA_ERROR_OUT_OF_MEMORY: out of memory
E0827 13:44:31.301465 2333580 cuda_executor.cc:278] [0] failed to unload module 0x5b29c127a580; leaking: RESOURCE_EXHAUSTED: : CUDA_ERROR_OUT_OF_MEMORY: out of memory
E0827 13:44:31.301823 2333580 cuda_executor.cc:278] [0] failed to unload module 0x5b29928d4c00; leaking: RESOURCE_EXHAUSTED: : CUDA_ERROR_OUT_OF_MEMORY: out of memory
E0827 13:44:31.302041 2333580 cuda_executor.cc:278] [0] failed to unload module 0x5b299295e540; leaking: RESOURCE_EXHAUSTED: : CUDA_ERROR_OUT_OF_MEMORY: out of memory
E0827 13:44:31.302508 2333580 cuda_executor.cc:278] [0] failed to unload module 0x5b2977a20950; leaking: RESOURCE_EXHAUSTED: : CUDA_ERROR_OUT_OF_MEMORY: out of memory
E0827 13:44:31.302517 2333580 cuda_executor.cc:278] [0] failed to unload module 0x5b297b42b400; leaking: RESOURCE_EXHAUSTED: : CUDA_ERROR_OUT_OF_MEMORY: out of memory
E0827 13:44:31.302933 2333580 cuda_executor.cc:278] [0] failed to unload module 0x5b29928e8d40; leaking: RESOURCE_EXHAUSTED: : CUDA_ERROR_OUT_OF_MEMORY: out of memory
E0827 13:44:31.302941 2333580 cuda_executor.cc:278] [0] failed to unload module 0x5b2992798100; leaking: RESOURCE_EXHAUSTED: : CUDA_ERROR_OUT_OF_MEMORY: out of memory
E0827 13:44:31.303673 2333580 cuda_executor.cc:278] [0] failed to unload module 0x5b2992925e40; leaking: RESOURCE_EXHAUSTED: : CUDA_ERROR_OUT_OF_MEMORY: out of memory
E0827 13:44:31.303806 2333580 cuda_executor.cc:278] [0] failed to unload module 0x5b2992982e80; leaking: RESOURCE_EXHAUSTED: : CUDA_ERROR_OUT_OF_MEMORY: out of memory
E0827 13:44:31.304493 2333580 cuda_executor.cc:278] [0] failed to unload module 0x5b297860d0c0; leaking: RESOURCE_EXHAUSTED: : CUDA_ERROR_OUT_OF_MEMORY: out of memory
E0827 13:44:31.304607 2333580 cuda_executor.cc:278] [0] failed to unload module 0x5b29928acf90; leaking: RESOURCE_EXHAUSTED: : CUDA_ERROR_OUT_OF_MEMORY: out of memory
E0827 13:44:31.304983 2333580 cuda_executor.cc:278] [0] failed to unload module 0x5b2929f7d620; leaking: RESOURCE_EXHAUSTED: : CUDA_ERROR_OUT_OF_MEMORY: out of memory
E0827 13:44:31.305272 2333580 cuda_executor.cc:278] [0] failed to unload module 0x5b292a333950; leaking: RESOURCE_EXHAUSTED: : CUDA_ERROR_OUT_OF_MEMORY: out of memory
E0827 13:44:31.306168 2333580 cuda_executor.cc:278] [0] failed to unload module 0x5b2929e6acc0; leaking: RESOURCE_EXHAUSTED: : CUDA_ERROR_OUT_OF_MEMORY: out of memory
E0827 13:44:31.306179 2333580 cuda_executor.cc:278] [0] failed to unload module 0x5b2929db7800; leaking: RESOURCE_EXHAUSTED: : CUDA_ERROR_OUT_OF_MEMORY: out of memory
E0827 13:44:31.306861 2333580 cuda_executor.cc:278] [0] failed to unload module 0x5b292a323ae0; leaking: RESOURCE_EXHAUSTED: : CUDA_ERROR_OUT_OF_MEMORY: out of memory
E0827 13:44:31.306869 2333580 cuda_executor.cc:278] [0] failed to unload module 0x5b292ac55f30; leaking: RESOURCE_EXHAUSTED: : CUDA_ERROR_OUT_OF_MEMORY: out of memory
E0827 13:44:31.307440 2333580 cuda_executor.cc:278] [0] failed to unload module 0x5b295befa300; leaking: RESOURCE_EXHAUSTED: : CUDA_ERROR_OUT_OF_MEMORY: out of memory
E0827 13:44:31.307631 2333580 cuda_executor.cc:278] [0] failed to unload module 0x5b29538769c0; leaking: RESOURCE_EXHAUSTED: : CUDA_ERROR_OUT_OF_MEMORY: out of memory
E0827 13:44:31.308457 2333580 cuda_executor.cc:278] [0] failed to unload module 0x5b29b4b96020; leaking: RESOURCE_EXHAUSTED: : CUDA_ERROR_OUT_OF_MEMORY: out of memory
E0827 13:44:31.309929 2333580 cuda_executor.cc:278] [0] failed to unload module 0x5b29b4c35730; leaking: RESOURCE_EXHAUSTED: : CUDA_ERROR_OUT_OF_MEMORY: out of memory
E0827 13:44:31.310332 2333580 cuda_executor.cc:278] [0] failed to unload module 0x5b29b7ea6bb0; leaking: RESOURCE_EXHAUSTED: : CUDA_ERROR_OUT_OF_MEMORY: out of memory
E0827 13:44:31.310345 2333580 cuda_executor.cc:278] [0] failed to unload module 0x5b29b7baf3c0; leaking: RESOURCE_EXHAUSTED: : CUDA_ERROR_OUT_OF_MEMORY: out of memory
E0827 13:44:31.310569 2333580 cuda_executor.cc:278] [0] failed to unload module 0x5b29b892a460; leaking: RESOURCE_EXHAUSTED: : CUDA_ERROR_OUT_OF_MEMORY: out of memory
E0827 13:44:31.310576 2333580 cuda_executor.cc:278] [0] failed to unload module 0x5b29b7e6fce0; leaking: RESOURCE_EXHAUSTED: : CUDA_ERROR_OUT_OF_MEMORY: out of memory
E0827 13:44:31.310786 2333580 cuda_executor.cc:278] [0] failed to unload module 0x5b29b4da2210; leaking: RESOURCE_EXHAUSTED: : CUDA_ERROR_OUT_OF_MEMORY: out of memory
E0827 13:44:31.310794 2333580 cuda_executor.cc:278] [0] failed to unload module 0x5b29b7e8afe0; leaking: RESOURCE_EXHAUSTED: : CUDA_ERROR_OUT_OF_MEMORY: out of memory
E0827 13:44:31.310998 2333580 cuda_executor.cc:278] [0] failed to unload module 0x5b29b4c92eb0; leaking: RESOURCE_EXHAUSTED: : CUDA_ERROR_OUT_OF_MEMORY: out of memory
E0827 13:44:31.311162 2333580 cuda_executor.cc:278] [0] failed to unload module 0x5b29b4d43600; leaking: RESOURCE_EXHAUSTED: : CUDA_ERROR_OUT_OF_MEMORY: out of memory
E0827 13:44:31.311168 2333580 cuda_executor.cc:278] [0] failed to unload module 0x5b29b55b4f80; leaking: RESOURCE_EXHAUSTED: : CUDA_ERROR_OUT_OF_MEMORY: out of memory
E0827 13:44:31.311183 2333580 cuda_executor.cc:278] [0] failed to unload module 0x5b29b7ba5ee0; leaking: RESOURCE_EXHAUSTED: : CUDA_ERROR_OUT_OF_MEMORY: out of memory
E0827 13:44:31.311207 2333580 cuda_executor.cc:278] [0] failed to unload module 0x5b29b4c127e0; leaking: RESOURCE_EXHAUSTED: : CUDA_ERROR_OUT_OF_MEMORY: out of memory
E0827 13:44:31.311214 2333580 cuda_executor.cc:278] [0] failed to unload module 0x5b29b4d7cf20; leaking: RESOURCE_EXHAUSTED: : CUDA_ERROR_OUT_OF_MEMORY: out of memory
E0827 13:44:31.311223 2333580 cuda_executor.cc:278] [0] failed to unload module 0x5b29b8844040; leaking: RESOURCE_EXHAUSTED: : CUDA_ERROR_OUT_OF_MEMORY: out of memory
E0827 13:44:31.311228 2333580 cuda_executor.cc:278] [0] failed to unload module 0x5b29b4a9a000; leaking: RESOURCE_EXHAUSTED: : CUDA_ERROR_OUT_OF_MEMORY: out of memory
E0827 13:44:31.311241 2333580 cuda_executor.cc:278] [0] failed to unload module 0x5b29b4c23360; leaking: RESOURCE_EXHAUSTED: : CUDA_ERROR_OUT_OF_MEMORY: out of memory
E0827 13:44:31.311250 2333580 cuda_executor.cc:278] [0] failed to unload module 0x5b29b4c2d0c0; leaking: RESOURCE_EXHAUSTED: : CUDA_ERROR_OUT_OF_MEMORY: out of memory
E0827 13:44:31.311262 2333580 cuda_executor.cc:278] [0] failed to unload module 0x5b29b4dcd090; leaking: RESOURCE_EXHAUSTED: : CUDA_ERROR_OUT_OF_MEMORY: out of memory
E0827 13:44:31.311270 2333580 cuda_executor.cc:278] [0] failed to unload module 0x5b29b4d09c80; leaking: RESOURCE_EXHAUSTED: : CUDA_ERROR_OUT_OF_MEMORY: out of memory
E0827 13:44:31.311276 2333580 cuda_executor.cc:278] [0] failed to unload module 0x5b29b4e06dc0; leaking: RESOURCE_EXHAUSTED: : CUDA_ERROR_OUT_OF_MEMORY: out of memory
E0827 13:44:31.311289 2333580 cuda_executor.cc:278] [0] failed to unload module 0x5b29b4c31e00; leaking: RESOURCE_EXHAUSTED: : CUDA_ERROR_OUT_OF_MEMORY: out of memory
E0827 13:44:31.311303 2333580 cuda_executor.cc:278] [0] failed to unload module 0x5b29b4c7a580; leaking: RESOURCE_EXHAUSTED: : CUDA_ERROR_OUT_OF_MEMORY: out of memory
E0827 13:44:31.311332 2333580 cuda_executor.cc:278] [0] failed to unload module 0x5b29b4c5d910; leaking: RESOURCE_EXHAUSTED: : CUDA_ERROR_OUT_OF_MEMORY: out of memory
E0827 13:44:31.311339 2333580 cuda_executor.cc:278] [0] failed to unload module 0x5b29b4ccbc60; leaking: RESOURCE_EXHAUSTED: : CUDA_ERROR_OUT_OF_MEMORY: out of memory
E0827 13:44:31.311344 2333580 cuda_executor.cc:278] [0] failed to unload module 0x5b29b4c8ec70; leaking: RESOURCE_EXHAUSTED: : CUDA_ERROR_OUT_OF_MEMORY: out of memory
E0827 13:44:31.311349 2333580 cuda_executor.cc:278] [0] failed to unload module 0x5b29b4d7c150; leaking: RESOURCE_EXHAUSTED: : CUDA_ERROR_OUT_OF_MEMORY: out of memory
E0827 13:44:31.315541 2333580 cuda_executor.cc:278] [0] failed to unload module 0x5b29a7d3aca0; leaking: RESOURCE_EXHAUSTED: : CUDA_ERROR_OUT_OF_MEMORY: out of memory
E0827 13:44:31.320015 2333580 cuda_executor.cc:278] [0] failed to unload module 0x5b29c11105d0; leaking: RESOURCE_EXHAUSTED: : CUDA_ERROR_OUT_OF_MEMORY: out of memory
E0827 13:44:31.320030 2333580 cuda_executor.cc:278] [0] failed to unload module 0x5b29a7ce0f60; leaking: RESOURCE_EXHAUSTED: : CUDA_ERROR_OUT_OF_MEMORY: out of memory
E0827 13:44:31.320035 2333580 cuda_executor.cc:278] [0] failed to unload module 0x5b29a7d7a450; leaking: RESOURCE_EXHAUSTED: : CUDA_ERROR_OUT_OF_MEMORY: out of memory
E0827 13:44:31.320301 2333580 cuda_executor.cc:278] [0] failed to unload module 0x5b29b5705710; leaking: RESOURCE_EXHAUSTED: : CUDA_ERROR_OUT_OF_MEMORY: out of memory
E0827 13:44:31.320308 2333580 cuda_executor.cc:278] [0] failed to unload module 0x5b29b5839760; leaking: RESOURCE_EXHAUSTED: : CUDA_ERROR_OUT_OF_MEMORY: out of memory
E0827 13:44:31.320313 2333580 cuda_executor.cc:278] [0] failed to unload module 0x5b29b58375d0; leaking: RESOURCE_EXHAUSTED: : CUDA_ERROR_OUT_OF_MEMORY: out of memory
E0827 13:44:31.320318 2333580 cuda_executor.cc:278] [0] failed to unload module 0x5b29b56564d0; leaking: RESOURCE_EXHAUSTED: : CUDA_ERROR_OUT_OF_MEMORY: out of memory
E0827 13:44:31.321012 2333580 cuda_executor.cc:278] [0] failed to unload module 0x5b29b572c3c0; leaking: RESOURCE_EXHAUSTED: : CUDA_ERROR_OUT_OF_MEMORY: out of memory
E0827 13:44:31.321497 2333580 cuda_executor.cc:278] [0] failed to unload module 0x5b29b560b790; leaking: RESOURCE_EXHAUSTED: : CUDA_ERROR_OUT_OF_MEMORY: out of memory
E0827 13:44:31.321602 2333580 cuda_executor.cc:278] [0] failed to unload module 0x5b29b57ea180; leaking: RESOURCE_EXHAUSTED: : CUDA_ERROR_OUT_OF_MEMORY: out of memory
E0827 13:44:31.321613 2333580 cuda_executor.cc:278] [0] failed to unload module 0x5b29b57a2e00; leaking: RESOURCE_EXHAUSTED: : CUDA_ERROR_OUT_OF_MEMORY: out of memory
E0827 13:44:31.321619 2333580 cuda_executor.cc:278] [0] failed to unload module 0x5b29b56080c0; leaking: RESOURCE_EXHAUSTED: : CUDA_ERROR_OUT_OF_MEMORY: out of memory
E0827 13:44:31.321624 2333580 cuda_executor.cc:278] [0] failed to unload module 0x5b29a7ce23c0; leaking: RESOURCE_EXHAUSTED: : CUDA_ERROR_OUT_OF_MEMORY: out of memory
E0827 13:44:31.321821 2333580 cuda_executor.cc:278] [0] failed to unload module 0x5b29b560ac50; leaking: RESOURCE_EXHAUSTED: : CUDA_ERROR_OUT_OF_MEMORY: out of memory
E0827 13:44:31.321838 2333580 cuda_executor.cc:278] [0] failed to unload module 0x5b29b57df260; leaking: RESOURCE_EXHAUSTED: : CUDA_ERROR_OUT_OF_MEMORY: out of memory
E0827 13:44:31.321846 2333580 cuda_executor.cc:278] [0] failed to unload module 0x5b29b55f4e70; leaking: RESOURCE_EXHAUSTED: : CUDA_ERROR_OUT_OF_MEMORY: out of memory
E0827 13:44:31.321978 2333580 cuda_executor.cc:278] [0] failed to unload module 0x5b29b55f19c0; leaking: RESOURCE_EXHAUSTED: : CUDA_ERROR_OUT_OF_MEMORY: out of memory
E0827 13:44:31.321986 2333580 cuda_executor.cc:278] [0] failed to unload module 0x5b29b55da060; leaking: RESOURCE_EXHAUSTED: : CUDA_ERROR_OUT_OF_MEMORY: out of memory
E0827 13:44:31.322746 2333580 cuda_executor.cc:278] [0] failed to unload module 0x5b29b58089d0; leaking: RESOURCE_EXHAUSTED: : CUDA_ERROR_OUT_OF_MEMORY: out of memory
E0827 13:44:31.322864 2333580 cuda_executor.cc:278] [0] failed to unload module 0x5b29b56e4aa0; leaking: RESOURCE_EXHAUSTED: : CUDA_ERROR_OUT_OF_MEMORY: out of memory
E0827 13:44:31.322872 2333580 cuda_executor.cc:278] [0] failed to unload module 0x5b29b55dc7a0; leaking: RESOURCE_EXHAUSTED: : CUDA_ERROR_OUT_OF_MEMORY: out of memory
E0827 13:44:31.322892 2333580 cuda_executor.cc:278] [0] failed to unload module 0x5b29b57623e0; leaking: RESOURCE_EXHAUSTED: : CUDA_ERROR_OUT_OF_MEMORY: out of memory
E0827 13:44:31.322901 2333580 cuda_executor.cc:278] [0] failed to unload module 0x5b29b580d460; leaking: RESOURCE_EXHAUSTED: : CUDA_ERROR_OUT_OF_MEMORY: out of memory
E0827 13:44:31.322909 2333580 cuda_executor.cc:278] [0] failed to unload module 0x5b29b55f5d40; leaking: RESOURCE_EXHAUSTED: : CUDA_ERROR_OUT_OF_MEMORY: out of memory
E0827 13:44:31.323058 2333580 cuda_executor.cc:278] [0] failed to unload module 0x5b29b57c27f0; leaking: RESOURCE_EXHAUSTED: : CUDA_ERROR_OUT_OF_MEMORY: out of memory
E0827 13:44:31.323082 2333580 cuda_executor.cc:278] [0] failed to unload module 0x5b29b575e1e0; leaking: RESOURCE_EXHAUSTED: : CUDA_ERROR_OUT_OF_MEMORY: out of memory
E0827 13:44:31.323088 2333580 cuda_executor.cc:278] [0] failed to unload module 0x5b29bcf5a850; leaking: RESOURCE_EXHAUSTED: : CUDA_ERROR_OUT_OF_MEMORY: out of memory
E0827 13:44:31.323093 2333580 cuda_executor.cc:278] [0] failed to unload module 0x5b29b5797ae0; leaking: RESOURCE_EXHAUSTED: : CUDA_ERROR_OUT_OF_MEMORY: out of memory
E0827 13:44:31.323102 2333580 cuda_executor.cc:278] [0] failed to unload module 0x5b29b5799aa0; leaking: RESOURCE_EXHAUSTED: : CUDA_ERROR_OUT_OF_MEMORY: out of memory
E0827 13:44:31.323227 2333580 cuda_executor.cc:278] [0] failed to unload module 0x5b29b56014c0; leaking: RESOURCE_EXHAUSTED: : CUDA_ERROR_OUT_OF_MEMORY: out of memory
E0827 13:44:31.323344 2333580 cuda_executor.cc:278] [0] failed to unload module 0x5b29a7f6b770; leaking: RESOURCE_EXHAUSTED: : CUDA_ERROR_OUT_OF_MEMORY: out of memory
E0827 13:44:31.323351 2333580 cuda_executor.cc:278] [0] failed to unload module 0x5b29b5605970; leaking: RESOURCE_EXHAUSTED: : CUDA_ERROR_OUT_OF_MEMORY: out of memory
E0827 13:44:31.323359 2333580 cuda_executor.cc:278] [0] failed to unload module 0x5b29b5678100; leaking: RESOURCE_EXHAUSTED: : CUDA_ERROR_OUT_OF_MEMORY: out of memory
E0827 13:44:31.323364 2333580 cuda_executor.cc:278] [0] failed to unload module 0x5b29b58512d0; leaking: RESOURCE_EXHAUSTED: : CUDA_ERROR_OUT_OF_MEMORY: out of memory
E0827 13:44:31.323370 2333580 cuda_executor.cc:278] [0] failed to unload module 0x5b29b58519e0; leaking: RESOURCE_EXHAUSTED: : CUDA_ERROR_OUT_OF_MEMORY: out of memory
E0827 13:44:31.323377 2333580 cuda_executor.cc:278] [0] failed to unload module 0x5b29b56f3ed0; leaking: RESOURCE_EXHAUSTED: : CUDA_ERROR_OUT_OF_MEMORY: out of memory
E0827 13:44:31.323526 2333580 cuda_executor.cc:278] [0] failed to unload module 0x5b29a39ee7a0; leaking: RESOURCE_EXHAUSTED: : CUDA_ERROR_OUT_OF_MEMORY: out of memory
E0827 13:44:31.324831 2333580 cuda_executor.cc:278] [0] failed to unload module 0x5b29b565a260; leaking: RESOURCE_EXHAUSTED: : CUDA_ERROR_OUT_OF_MEMORY: out of memory
E0827 13:44:31.324845 2333580 cuda_executor.cc:278] [0] failed to unload module 0x5b29b5665430; leaking: RESOURCE_EXHAUSTED: : CUDA_ERROR_OUT_OF_MEMORY: out of memory
E0827 13:44:31.324974 2333580 cuda_executor.cc:278] [0] failed to unload module 0x5b29b582b9e0; leaking: RESOURCE_EXHAUSTED: : CUDA_ERROR_OUT_OF_MEMORY: out of memory
E0827 13:44:31.333785 2333580 cuda_executor.cc:278] [0] failed to unload module 0x5b29a5bf1f20; leaking: RESOURCE_EXHAUSTED: : CUDA_ERROR_OUT_OF_MEMORY: out of memory
E0827 13:44:31.333933 2333580 cuda_executor.cc:278] [0] failed to unload module 0x5b29a072f860; leaking: RESOURCE_EXHAUSTED: : CUDA_ERROR_OUT_OF_MEMORY: out of memory
E0827 13:44:31.334328 2333580 cuda_executor.cc:278] [0] failed to unload module 0x5b2952702e60; leaking: RESOURCE_EXHAUSTED: : CUDA_ERROR_OUT_OF_MEMORY: out of memory
E0827 13:44:31.334428 2333580 cuda_executor.cc:278] [0] failed to unload module 0x5b2976b29930; leaking: RESOURCE_EXHAUSTED: : CUDA_ERROR_OUT_OF_MEMORY: out of memory
E0827 13:44:31.335335 2333580 cuda_executor.cc:278] [0] failed to unload module 0x5b296ca013c0; leaking: RESOURCE_EXHAUSTED: : CUDA_ERROR_OUT_OF_MEMORY: out of memory
E0827 13:44:32.413114 2333580 local_device_state.cc:167] Error when closing device: RESOURCE_EXHAUSTED: Could not synchronize CUDA stream: CUDA_ERROR_OUT_OF_MEMORY: out of memory
E0827 13:44:32.422040 2333580 cuda_stream.cc:316] stream not idle on destroy: RESOURCE_EXHAUSTED: : CUDA_ERROR_OUT_OF_MEMORY: out of memory
E0827 13:44:32.422275 2333580 cuda_stream.cc:321] failed to destroy CUDA stream for executor 0x7bdcf40014b0: RESOURCE_EXHAUSTED: : CUDA_ERROR_OUT_OF_MEMORY: out of memory
E0827 13:44:32.422817 2333580 cuda_event.cc:50] Error destroying CUDA event: CUDA_ERROR_OUT_OF_MEMORY: out of memory
E0827 13:44:32.423032 2333580 cuda_stream.cc:316] stream not idle on destroy: RESOURCE_EXHAUSTED: : CUDA_ERROR_OUT_OF_MEMORY: out of memory
E0827 13:44:32.423035 2333580 cuda_stream.cc:321] failed to destroy CUDA stream for executor 0x7bdcf40014b0: RESOURCE_EXHAUSTED: : CUDA_ERROR_OUT_OF_MEMORY: out of memory
E0827 13:44:32.423037 2333580 cuda_event.cc:50] Error destroying CUDA event: CUDA_ERROR_OUT_OF_MEMORY: out of memory
E0827 13:44:32.423148 2333580 cuda_stream.cc:316] stream not idle on destroy: RESOURCE_EXHAUSTED: : CUDA_ERROR_OUT_OF_MEMORY: out of memory
E0827 13:44:32.423151 2333580 cuda_stream.cc:321] failed to destroy CUDA stream for executor 0x7bdcf40014b0: RESOURCE_EXHAUSTED: : CUDA_ERROR_OUT_OF_MEMORY: out of memory
E0827 13:44:32.423154 2333580 cuda_event.cc:50] Error destroying CUDA event: CUDA_ERROR_OUT_OF_MEMORY: out of memory
E0827 13:44:32.423158 2333580 cuda_stream.cc:316] stream not idle on destroy: RESOURCE_EXHAUSTED: : CUDA_ERROR_OUT_OF_MEMORY: out of memory
E0827 13:44:32.423159 2333580 cuda_stream.cc:321] failed to destroy CUDA stream for executor 0x7bdcf40014b0: RESOURCE_EXHAUSTED: : CUDA_ERROR_OUT_OF_MEMORY: out of memory
E0827 13:44:32.423161 2333580 cuda_event.cc:50] Error destroying CUDA event: CUDA_ERROR_OUT_OF_MEMORY: out of memory
E0827 13:44:32.423165 2333580 cuda_stream.cc:316] stream not idle on destroy: RESOURCE_EXHAUSTED: : CUDA_ERROR_OUT_OF_MEMORY: out of memory
E0827 13:44:32.423166 2333580 cuda_stream.cc:321] failed to destroy CUDA stream for executor 0x7bdcf40014b0: RESOURCE_EXHAUSTED: : CUDA_ERROR_OUT_OF_MEMORY: out of memory
E0827 13:44:32.423168 2333580 cuda_event.cc:50] Error destroying CUDA event: CUDA_ERROR_OUT_OF_MEMORY: out of memory
E0827 13:44:32.423176 2333580 cuda_stream.cc:316] stream not idle on destroy: RESOURCE_EXHAUSTED: : CUDA_ERROR_OUT_OF_MEMORY: out of memory
E0827 13:44:32.423177 2333580 cuda_stream.cc:321] failed to destroy CUDA stream for executor 0x7bdcf40014b0: RESOURCE_EXHAUSTED: : CUDA_ERROR_OUT_OF_MEMORY: out of memory
E0827 13:44:32.423179 2333580 cuda_event.cc:50] Error destroying CUDA event: CUDA_ERROR_OUT_OF_MEMORY: out of memory
E0827 13:44:32.423293 2333580 cuda_stream.cc:316] stream not idle on destroy: RESOURCE_EXHAUSTED: : CUDA_ERROR_OUT_OF_MEMORY: out of memory
E0827 13:44:32.423296 2333580 cuda_stream.cc:321] failed to destroy CUDA stream for executor 0x7bdcf40014b0: RESOURCE_EXHAUSTED: : CUDA_ERROR_OUT_OF_MEMORY: out of memory
E0827 13:44:32.423299 2333580 cuda_event.cc:50] Error destroying CUDA event: CUDA_ERROR_OUT_OF_MEMORY: out of memory
E0827 13:44:32.423412 2333580 cuda_stream.cc:316] stream not idle on destroy: RESOURCE_EXHAUSTED: : CUDA_ERROR_OUT_OF_MEMORY: out of memory
E0827 13:44:32.423415 2333580 cuda_stream.cc:321] failed to destroy CUDA stream for executor 0x7bdcf40014b0: RESOURCE_EXHAUSTED: : CUDA_ERROR_OUT_OF_MEMORY: out of memory
E0827 13:44:32.423417 2333580 cuda_event.cc:50] Error destroying CUDA event: CUDA_ERROR_OUT_OF_MEMORY: out of memory
E0827 13:44:32.423422 2333580 cuda_stream.cc:316] stream not idle on destroy: RESOURCE_EXHAUSTED: : CUDA_ERROR_OUT_OF_MEMORY: out of memory
E0827 13:44:32.423423 2333580 cuda_stream.cc:321] failed to destroy CUDA stream for executor 0x7bdcf40014b0: RESOURCE_EXHAUSTED: : CUDA_ERROR_OUT_OF_MEMORY: out of memory
E0827 13:44:32.423425 2333580 cuda_event.cc:50] Error destroying CUDA event: CUDA_ERROR_OUT_OF_MEMORY: out of memory
E0827 13:44:32.423479 2333580 cuda_stream.cc:316] stream not idle on destroy: RESOURCE_EXHAUSTED: : CUDA_ERROR_OUT_OF_MEMORY: out of memory
E0827 13:44:32.423482 2333580 cuda_stream.cc:321] failed to destroy CUDA stream for executor 0x7bdcf40014b0: RESOURCE_EXHAUSTED: : CUDA_ERROR_OUT_OF_MEMORY: out of memory
E0827 13:44:32.423485 2333580 cuda_event.cc:50] Error destroying CUDA event: CUDA_ERROR_OUT_OF_MEMORY: out of memory
E0827 13:44:32.423605 2333580 cuda_stream.cc:316] stream not idle on destroy: RESOURCE_EXHAUSTED: : CUDA_ERROR_OUT_OF_MEMORY: out of memory
E0827 13:44:32.423611 2333580 cuda_stream.cc:321] failed to destroy CUDA stream for executor 0x7bdcf40014b0: RESOURCE_EXHAUSTED: : CUDA_ERROR_OUT_OF_MEMORY: out of memory
E0827 13:44:32.423614 2333580 cuda_event.cc:50] Error destroying CUDA event: CUDA_ERROR_OUT_OF_MEMORY: out of memory
E0827 13:44:32.423729 2333580 cuda_stream.cc:316] stream not idle on destroy: RESOURCE_EXHAUSTED: : CUDA_ERROR_OUT_OF_MEMORY: out of memory
E0827 13:44:32.423732 2333580 cuda_stream.cc:321] failed to destroy CUDA stream for executor 0x7bdcf40014b0: RESOURCE_EXHAUSTED: : CUDA_ERROR_OUT_OF_MEMORY: out of memory
E0827 13:44:32.423735 2333580 cuda_event.cc:50] Error destroying CUDA event: CUDA_ERROR_OUT_OF_MEMORY: out of memory
E0827 13:44:32.423740 2333580 cuda_stream.cc:316] stream not idle on destroy: RESOURCE_EXHAUSTED: : CUDA_ERROR_OUT_OF_MEMORY: out of memory
E0827 13:44:32.423741 2333580 cuda_stream.cc:321] failed to destroy CUDA stream for executor 0x7bdcf40014b0: RESOURCE_EXHAUSTED: : CUDA_ERROR_OUT_OF_MEMORY: out of memory
E0827 13:44:32.423743 2333580 cuda_event.cc:50] Error destroying CUDA event: CUDA_ERROR_OUT_OF_MEMORY: out of memory
E0827 13:44:32.423747 2333580 cuda_stream.cc:316] stream not idle on destroy: RESOURCE_EXHAUSTED: : CUDA_ERROR_OUT_OF_MEMORY: out of memory
E0827 13:44:32.423748 2333580 cuda_stream.cc:321] failed to destroy CUDA stream for executor 0x7bdcf40014b0: RESOURCE_EXHAUSTED: : CUDA_ERROR_OUT_OF_MEMORY: out of memory
E0827 13:44:32.423750 2333580 cuda_event.cc:50] Error destroying CUDA event: CUDA_ERROR_OUT_OF_MEMORY: out of memory
E0827 13:44:32.423849 2333580 cuda_stream.cc:316] stream not idle on destroy: RESOURCE_EXHAUSTED: : CUDA_ERROR_OUT_OF_MEMORY: out of memory
E0827 13:44:32.423852 2333580 cuda_stream.cc:321] failed to destroy CUDA stream for executor 0x7bdcf40014b0: RESOURCE_EXHAUSTED: : CUDA_ERROR_OUT_OF_MEMORY: out of memory
E0827 13:44:32.423856 2333580 cuda_event.cc:50] Error destroying CUDA event: CUDA_ERROR_OUT_OF_MEMORY: out of memory
E0827 13:44:32.423959 2333580 cuda_stream.cc:316] stream not idle on destroy: RESOURCE_EXHAUSTED: : CUDA_ERROR_OUT_OF_MEMORY: out of memory
E0827 13:44:32.423962 2333580 cuda_stream.cc:321] failed to destroy CUDA stream for executor 0x7bdcf40014b0: RESOURCE_EXHAUSTED: : CUDA_ERROR_OUT_OF_MEMORY: out of memory
E0827 13:44:32.423964 2333580 cuda_event.cc:50] Error destroying CUDA event: CUDA_ERROR_OUT_OF_MEMORY: out of memory
E0827 13:44:32.423969 2333580 cuda_stream.cc:316] stream not idle on destroy: RESOURCE_EXHAUSTED: : CUDA_ERROR_OUT_OF_MEMORY: out of memory
E0827 13:44:32.423971 2333580 cuda_stream.cc:321] failed to destroy CUDA stream for executor 0x7bdcf40014b0: RESOURCE_EXHAUSTED: : CUDA_ERROR_OUT_OF_MEMORY: out of memory
E0827 13:44:32.423973 2333580 cuda_event.cc:50] Error destroying CUDA event: CUDA_ERROR_OUT_OF_MEMORY: out of memory
E0827 13:44:32.423977 2333580 cuda_stream.cc:316] stream not idle on destroy: RESOURCE_EXHAUSTED: : CUDA_ERROR_OUT_OF_MEMORY: out of memory
E0827 13:44:32.423979 2333580 cuda_stream.cc:321] failed to destroy CUDA stream for executor 0x7bdcf40014b0: RESOURCE_EXHAUSTED: : CUDA_ERROR_OUT_OF_MEMORY: out of memory
E0827 13:44:32.423982 2333580 cuda_event.cc:50] Error destroying CUDA event: CUDA_ERROR_OUT_OF_MEMORY: out of memory
E0827 13:44:32.423986 2333580 cuda_stream.cc:316] stream not idle on destroy: RESOURCE_EXHAUSTED: : CUDA_ERROR_OUT_OF_MEMORY: out of memory
E0827 13:44:32.423988 2333580 cuda_stream.cc:321] failed to destroy CUDA stream for executor 0x7bdcf40014b0: RESOURCE_EXHAUSTED: : CUDA_ERROR_OUT_OF_MEMORY: out of memory
E0827 13:44:32.423996 2333580 cuda_event.cc:50] Error destroying CUDA event: CUDA_ERROR_OUT_OF_MEMORY: out of memory
E0827 13:44:32.424000 2333580 cuda_stream.cc:316] stream not idle on destroy: RESOURCE_EXHAUSTED: : CUDA_ERROR_OUT_OF_MEMORY: out of memory
E0827 13:44:32.424001 2333580 cuda_stream.cc:321] failed to destroy CUDA stream for executor 0x7bdcf40014b0: RESOURCE_EXHAUSTED: : CUDA_ERROR_OUT_OF_MEMORY: out of memory
E0827 13:44:32.424003 2333580 cuda_event.cc:50] Error destroying CUDA event: CUDA_ERROR_OUT_OF_MEMORY: out of memory
E0827 13:44:32.424006 2333580 cuda_stream.cc:316] stream not idle on destroy: RESOURCE_EXHAUSTED: : CUDA_ERROR_OUT_OF_MEMORY: out of memory
E0827 13:44:32.424008 2333580 cuda_stream.cc:321] failed to destroy CUDA stream for executor 0x7bdcf40014b0: RESOURCE_EXHAUSTED: : CUDA_ERROR_OUT_OF_MEMORY: out of memory
E0827 13:44:32.424010 2333580 cuda_event.cc:50] Error destroying CUDA event: CUDA_ERROR_OUT_OF_MEMORY: out of memory
E0827 13:44:32.424013 2333580 cuda_stream.cc:316] stream not idle on destroy: RESOURCE_EXHAUSTED: : CUDA_ERROR_OUT_OF_MEMORY: out of memory
E0827 13:44:32.424015 2333580 cuda_stream.cc:321] failed to destroy CUDA stream for executor 0x7bdcf40014b0: RESOURCE_EXHAUSTED: : CUDA_ERROR_OUT_OF_MEMORY: out of memory
E0827 13:44:32.424017 2333580 cuda_event.cc:50] Error destroying CUDA event: CUDA_ERROR_OUT_OF_MEMORY: out of memory
E0827 13:44:32.424021 2333580 cuda_stream.cc:316] stream not idle on destroy: RESOURCE_EXHAUSTED: : CUDA_ERROR_OUT_OF_MEMORY: out of memory
E0827 13:44:32.424023 2333580 cuda_stream.cc:321] failed to destroy CUDA stream for executor 0x7bdcf40014b0: RESOURCE_EXHAUSTED: : CUDA_ERROR_OUT_OF_MEMORY: out of memory
E0827 13:44:32.424033 2333580 cuda_event.cc:50] Error destroying CUDA event: CUDA_ERROR_OUT_OF_MEMORY: out of memory
E0827 13:44:32.424036 2333580 cuda_stream.cc:316] stream not idle on destroy: RESOURCE_EXHAUSTED: : CUDA_ERROR_OUT_OF_MEMORY: out of memory
E0827 13:44:32.424038 2333580 cuda_stream.cc:321] failed to destroy CUDA stream for executor 0x7bdcf40014b0: RESOURCE_EXHAUSTED: : CUDA_ERROR_OUT_OF_MEMORY: out of memory
E0827 13:44:32.424039 2333580 cuda_event.cc:50] Error destroying CUDA event: CUDA_ERROR_OUT_OF_MEMORY: out of memory
E0827 13:44:32.424344 2333580 cuda_event.cc:50] Error destroying CUDA event: CUDA_ERROR_OUT_OF_MEMORY: out of memory
E0827 13:44:32.424356 2333580 cuda_event.cc:50] Error destroying CUDA event: CUDA_ERROR_OUT_OF_MEMORY: out of memory
E0827 13:44:32.424646 2333580 cuda_event.cc:50] Error destroying CUDA event: CUDA_ERROR_OUT_OF_MEMORY: out of memory
E0827 13:44:32.424649 2333580 cuda_event.cc:50] Error destroying CUDA event: CUDA_ERROR_OUT_OF_MEMORY: out of memory
E0827 13:44:32.424652 2333580 cuda_event.cc:50] Error destroying CUDA event: CUDA_ERROR_OUT_OF_MEMORY: out of memory
E0827 13:44:32.424662 2333580 cuda_event.cc:50] Error destroying CUDA event: CUDA_ERROR_OUT_OF_MEMORY: out of memory
E0827 13:44:32.424665 2333580 cuda_event.cc:50] Error destroying CUDA event: CUDA_ERROR_OUT_OF_MEMORY: out of memory
E0827 13:44:32.424667 2333580 cuda_event.cc:50] Error destroying CUDA event: CUDA_ERROR_OUT_OF_MEMORY: out of memory
E0827 13:44:32.424669 2333580 cuda_event.cc:50] Error destroying CUDA event: CUDA_ERROR_OUT_OF_MEMORY: out of memory
E0827 13:44:32.424672 2333580 cuda_event.cc:50] Error destroying CUDA event: CUDA_ERROR_OUT_OF_MEMORY: out of memory
E0827 13:44:32.424679 2333580 cuda_event.cc:50] Error destroying CUDA event: CUDA_ERROR_OUT_OF_MEMORY: out of memory
E0827 13:44:32.424683 2333580 cuda_event.cc:50] Error destroying CUDA event: CUDA_ERROR_OUT_OF_MEMORY: out of memory
E0827 13:44:32.424685 2333580 cuda_event.cc:50] Error destroying CUDA event: CUDA_ERROR_OUT_OF_MEMORY: out of memory
E0827 13:44:32.424694 2333580 cuda_event.cc:50] Error destroying CUDA event: CUDA_ERROR_OUT_OF_MEMORY: out of memory
E0827 13:44:32.424696 2333580 cuda_event.cc:50] Error destroying CUDA event: CUDA_ERROR_OUT_OF_MEMORY: out of memory
E0827 13:44:32.424698 2333580 cuda_event.cc:50] Error destroying CUDA event: CUDA_ERROR_OUT_OF_MEMORY: out of memory
E0827 13:44:32.424892 2333580 cuda_event.cc:50] Error destroying CUDA event: CUDA_ERROR_OUT_OF_MEMORY: out of memory
E0827 13:44:32.424903 2333580 cuda_event.cc:50] Error destroying CUDA event: CUDA_ERROR_OUT_OF_MEMORY: out of memory
E0827 13:44:32.425175 2333580 cuda_event.cc:50] Error destroying CUDA event: CUDA_ERROR_OUT_OF_MEMORY: out of memory
E0827 13:44:32.425179 2333580 cuda_event.cc:50] Error destroying CUDA event: CUDA_ERROR_OUT_OF_MEMORY: out of memory
E0827 13:44:32.425182 2333580 cuda_event.cc:50] Error destroying CUDA event: CUDA_ERROR_OUT_OF_MEMORY: out of memory
E0827 13:44:32.425184 2333580 cuda_event.cc:50] Error destroying CUDA event: CUDA_ERROR_OUT_OF_MEMORY: out of memory
E0827 13:44:32.425211 2333580 cuda_event.cc:50] Error destroying CUDA event: CUDA_ERROR_OUT_OF_MEMORY: out of memory
E0827 13:44:32.425364 2333580 cuda_event.cc:50] Error destroying CUDA event: CUDA_ERROR_OUT_OF_MEMORY: out of memory
E0827 13:44:32.425479 2333580 cuda_event.cc:50] Error destroying CUDA event: CUDA_ERROR_OUT_OF_MEMORY: out of memory
E0827 13:44:32.425487 2333580 cuda_event.cc:50] Error destroying CUDA event: CUDA_ERROR_OUT_OF_MEMORY: out of memory
E0827 13:44:32.425489 2333580 cuda_event.cc:50] Error destroying CUDA event: CUDA_ERROR_OUT_OF_MEMORY: out of memory
E0827 13:44:32.425500 2333580 cuda_event.cc:50] Error destroying CUDA event: CUDA_ERROR_OUT_OF_MEMORY: out of memory
E0827 13:44:32.425502 2333580 cuda_event.cc:50] Error destroying CUDA event: CUDA_ERROR_OUT_OF_MEMORY: out of memory
E0827 13:44:32.425505 2333580 cuda_event.cc:50] Error destroying CUDA event: CUDA_ERROR_OUT_OF_MEMORY: out of memory
E0827 13:44:32.425507 2333580 cuda_event.cc:50] Error destroying CUDA event: CUDA_ERROR_OUT_OF_MEMORY: out of memory
E0827 13:44:32.425511 2333580 cuda_event.cc:50] Error destroying CUDA event: CUDA_ERROR_OUT_OF_MEMORY: out of memory
E0827 13:44:32.425659 2333580 cuda_event.cc:50] Error destroying CUDA event: CUDA_ERROR_OUT_OF_MEMORY: out of memory
E0827 13:44:32.425663 2333580 cuda_event.cc:50] Error destroying CUDA event: CUDA_ERROR_OUT_OF_MEMORY: out of memory
E0827 13:44:32.425775 2333580 cuda_event.cc:50] Error destroying CUDA event: CUDA_ERROR_OUT_OF_MEMORY: out of memory
E0827 13:44:32.425778 2333580 cuda_event.cc:50] Error destroying CUDA event: CUDA_ERROR_OUT_OF_MEMORY: out of memory
E0827 13:44:32.425783 2333580 cuda_event.cc:50] Error destroying CUDA event: CUDA_ERROR_OUT_OF_MEMORY: out of memory
E0827 13:44:32.425792 2333580 cuda_event.cc:50] Error destroying CUDA event: CUDA_ERROR_OUT_OF_MEMORY: out of memory
E0827 13:44:32.425795 2333580 cuda_event.cc:50] Error destroying CUDA event: CUDA_ERROR_OUT_OF_MEMORY: out of memory
E0827 13:44:32.425798 2333580 cuda_event.cc:50] Error destroying CUDA event: CUDA_ERROR_OUT_OF_MEMORY: out of memory
E0827 13:44:32.425801 2333580 cuda_event.cc:50] Error destroying CUDA event: CUDA_ERROR_OUT_OF_MEMORY: out of memory
E0827 13:44:32.425964 2333580 cuda_event.cc:50] Error destroying CUDA event: CUDA_ERROR_OUT_OF_MEMORY: out of memory
E0827 13:44:32.425968 2333580 cuda_event.cc:50] Error destroying CUDA event: CUDA_ERROR_OUT_OF_MEMORY: out of memory
E0827 13:44:32.425971 2333580 cuda_event.cc:50] Error destroying CUDA event: CUDA_ERROR_OUT_OF_MEMORY: out of memory
E0827 13:44:32.425974 2333580 cuda_event.cc:50] Error destroying CUDA event: CUDA_ERROR_OUT_OF_MEMORY: out of memory
E0827 13:44:32.425979 2333580 cuda_event.cc:50] Error destroying CUDA event: CUDA_ERROR_OUT_OF_MEMORY: out of memory
E0827 13:44:32.425983 2333580 cuda_event.cc:50] Error destroying CUDA event: CUDA_ERROR_OUT_OF_MEMORY: out of memory
E0827 13:44:32.425985 2333580 cuda_event.cc:50] Error destroying CUDA event: CUDA_ERROR_OUT_OF_MEMORY: out of memory
E0827 13:44:32.425988 2333580 cuda_event.cc:50] Error destroying CUDA event: CUDA_ERROR_OUT_OF_MEMORY: out of memory
E0827 13:44:32.426147 2333580 cuda_event.cc:50] Error destroying CUDA event: CUDA_ERROR_OUT_OF_MEMORY: out of memory
E0827 13:44:32.426152 2333580 cuda_event.cc:50] Error destroying CUDA event: CUDA_ERROR_OUT_OF_MEMORY: out of memory
E0827 13:44:32.426155 2333580 cuda_event.cc:50] Error destroying CUDA event: CUDA_ERROR_OUT_OF_MEMORY: out of memory
E0827 13:44:32.426157 2333580 cuda_event.cc:50] Error destroying CUDA event: CUDA_ERROR_OUT_OF_MEMORY: out of memory
E0827 13:44:32.426159 2333580 cuda_event.cc:50] Error destroying CUDA event: CUDA_ERROR_OUT_OF_MEMORY: out of memory
E0827 13:44:32.426162 2333580 cuda_event.cc:50] Error destroying CUDA event: CUDA_ERROR_OUT_OF_MEMORY: out of memory
E0827 13:44:32.426164 2333580 cuda_event.cc:50] Error destroying CUDA event: CUDA_ERROR_OUT_OF_MEMORY: out of memory
E0827 13:44:32.426167 2333580 cuda_event.cc:50] Error destroying CUDA event: CUDA_ERROR_OUT_OF_MEMORY: out of memory
E0827 13:44:32.426170 2333580 cuda_event.cc:50] Error destroying CUDA event: CUDA_ERROR_OUT_OF_MEMORY: out of memory
E0827 13:44:32.426178 2333580 cuda_event.cc:50] Error destroying CUDA event: CUDA_ERROR_OUT_OF_MEMORY: out of memory
E0827 13:44:32.426181 2333580 cuda_event.cc:50] Error destroying CUDA event: CUDA_ERROR_OUT_OF_MEMORY: out of memory
E0827 13:44:32.426183 2333580 cuda_event.cc:50] Error destroying CUDA event: CUDA_ERROR_OUT_OF_MEMORY: out of memory
E0827 13:44:32.426185 2333580 cuda_event.cc:50] Error destroying CUDA event: CUDA_ERROR_OUT_OF_MEMORY: out of memory
E0827 13:44:32.426189 2333580 cuda_event.cc:50] Error destroying CUDA event: CUDA_ERROR_OUT_OF_MEMORY: out of memory
E0827 13:44:32.426191 2333580 cuda_event.cc:50] Error destroying CUDA event: CUDA_ERROR_OUT_OF_MEMORY: out of memory
E0827 13:44:32.426307 2333580 cuda_event.cc:50] Error destroying CUDA event: CUDA_ERROR_OUT_OF_MEMORY: out of memory
E0827 13:44:32.426311 2333580 cuda_event.cc:50] Error destroying CUDA event: CUDA_ERROR_OUT_OF_MEMORY: out of memory
E0827 13:44:32.426414 2333580 cuda_event.cc:50] Error destroying CUDA event: CUDA_ERROR_OUT_OF_MEMORY: out of memory
E0827 13:44:32.426418 2333580 cuda_event.cc:50] Error destroying CUDA event: CUDA_ERROR_OUT_OF_MEMORY: out of memory
E0827 13:44:32.426421 2333580 cuda_event.cc:50] Error destroying CUDA event: CUDA_ERROR_OUT_OF_MEMORY: out of memory
E0827 13:44:32.426423 2333580 cuda_event.cc:50] Error destroying CUDA event: CUDA_ERROR_OUT_OF_MEMORY: out of memory
E0827 13:44:32.426425 2333580 cuda_event.cc:50] Error destroying CUDA event: CUDA_ERROR_OUT_OF_MEMORY: out of memory
E0827 13:44:32.426429 2333580 cuda_event.cc:50] Error destroying CUDA event: CUDA_ERROR_OUT_OF_MEMORY: out of memory
E0827 13:44:32.426431 2333580 cuda_event.cc:50] Error destroying CUDA event: CUDA_ERROR_OUT_OF_MEMORY: out of memory
E0827 13:44:32.426434 2333580 cuda_event.cc:50] Error destroying CUDA event: CUDA_ERROR_OUT_OF_MEMORY: out of memory
E0827 13:44:32.426596 2333580 cuda_event.cc:50] Error destroying CUDA event: CUDA_ERROR_OUT_OF_MEMORY: out of memory
E0827 13:44:32.426601 2333580 cuda_event.cc:50] Error destroying CUDA event: CUDA_ERROR_OUT_OF_MEMORY: out of memory
E0827 13:44:32.426605 2333580 cuda_event.cc:50] Error destroying CUDA event: CUDA_ERROR_OUT_OF_MEMORY: out of memory
E0827 13:44:32.426610 2333580 cuda_event.cc:50] Error destroying CUDA event: CUDA_ERROR_OUT_OF_MEMORY: out of memory
E0827 13:44:32.426613 2333580 cuda_event.cc:50] Error destroying CUDA event: CUDA_ERROR_OUT_OF_MEMORY: out of memory
E0827 13:44:32.426622 2333580 cuda_event.cc:50] Error destroying CUDA event: CUDA_ERROR_OUT_OF_MEMORY: out of memory
E0827 13:44:32.426625 2333580 cuda_event.cc:50] Error destroying CUDA event: CUDA_ERROR_OUT_OF_MEMORY: out of memory
E0827 13:44:32.426627 2333580 cuda_event.cc:50] Error destroying CUDA event: CUDA_ERROR_OUT_OF_MEMORY: out of memory
E0827 13:44:32.426629 2333580 cuda_event.cc:50] Error destroying CUDA event: CUDA_ERROR_OUT_OF_MEMORY: out of memory
E0827 13:44:32.426632 2333580 cuda_event.cc:50] Error destroying CUDA event: CUDA_ERROR_OUT_OF_MEMORY: out of memory
E0827 13:44:32.426634 2333580 cuda_event.cc:50] Error destroying CUDA event: CUDA_ERROR_OUT_OF_MEMORY: out of memory
E0827 13:44:32.426637 2333580 cuda_event.cc:50] Error destroying CUDA event: CUDA_ERROR_OUT_OF_MEMORY: out of memory
E0827 13:44:32.426639 2333580 cuda_event.cc:50] Error destroying CUDA event: CUDA_ERROR_OUT_OF_MEMORY: out of memory
E0827 13:44:32.426642 2333580 cuda_event.cc:50] Error destroying CUDA event: CUDA_ERROR_OUT_OF_MEMORY: out of memory
E0827 13:44:32.426645 2333580 cuda_event.cc:50] Error destroying CUDA event: CUDA_ERROR_OUT_OF_MEMORY: out of memory
E0827 13:44:32.426648 2333580 cuda_event.cc:50] Error destroying CUDA event: CUDA_ERROR_OUT_OF_MEMORY: out of memory
E0827 13:44:32.426659 2333580 cuda_event.cc:50] Error destroying CUDA event: CUDA_ERROR_OUT_OF_MEMORY: out of memory
E0827 13:44:32.426661 2333580 cuda_event.cc:50] Error destroying CUDA event: CUDA_ERROR_OUT_OF_MEMORY: out of memory
E0827 13:44:32.426663 2333580 cuda_event.cc:50] Error destroying CUDA event: CUDA_ERROR_OUT_OF_MEMORY: out of memory
E0827 13:44:32.426668 2333580 cuda_event.cc:50] Error destroying CUDA event: CUDA_ERROR_OUT_OF_MEMORY: out of memory
E0827 13:44:32.426683 2333580 cuda_event.cc:50] Error destroying CUDA event: CUDA_ERROR_OUT_OF_MEMORY: out of memory
E0827 13:44:32.426686 2333580 cuda_event.cc:50] Error destroying CUDA event: CUDA_ERROR_OUT_OF_MEMORY: out of memory
E0827 13:44:32.426688 2333580 cuda_event.cc:50] Error destroying CUDA event: CUDA_ERROR_OUT_OF_MEMORY: out of memory
E0827 13:44:32.426692 2333580 cuda_event.cc:50] Error destroying CUDA event: CUDA_ERROR_OUT_OF_MEMORY: out of memory
E0827 13:44:32.426694 2333580 cuda_event.cc:50] Error destroying CUDA event: CUDA_ERROR_OUT_OF_MEMORY: out of memory
E0827 13:44:32.426696 2333580 cuda_event.cc:50] Error destroying CUDA event: CUDA_ERROR_OUT_OF_MEMORY: out of memory
E0827 13:44:32.426818 2333580 cuda_event.cc:50] Error destroying CUDA event: CUDA_ERROR_OUT_OF_MEMORY: out of memory
E0827 13:44:32.426823 2333580 cuda_event.cc:50] Error destroying CUDA event: CUDA_ERROR_OUT_OF_MEMORY: out of memory
E0827 13:44:32.426827 2333580 cuda_event.cc:50] Error destroying CUDA event: CUDA_ERROR_OUT_OF_MEMORY: out of memory
E0827 13:44:32.426830 2333580 cuda_event.cc:50] Error destroying CUDA event: CUDA_ERROR_OUT_OF_MEMORY: out of memory
E0827 13:44:32.426839 2333580 cuda_event.cc:50] Error destroying CUDA event: CUDA_ERROR_OUT_OF_MEMORY: out of memory
E0827 13:44:32.426853 2333580 cuda_event.cc:50] Error destroying CUDA event: CUDA_ERROR_OUT_OF_MEMORY: out of memory
E0827 13:44:32.426870 2333580 cuda_event.cc:50] Error destroying CUDA event: CUDA_ERROR_OUT_OF_MEMORY: out of memory
E0827 13:44:32.426874 2333580 cuda_event.cc:50] Error destroying CUDA event: CUDA_ERROR_OUT_OF_MEMORY: out of memory
E0827 13:44:32.426879 2333580 cuda_event.cc:50] Error destroying CUDA event: CUDA_ERROR_OUT_OF_MEMORY: out of memory
E0827 13:44:32.426881 2333580 cuda_event.cc:50] Error destroying CUDA event: CUDA_ERROR_OUT_OF_MEMORY: out of memory
E0827 13:44:32.426883 2333580 cuda_event.cc:50] Error destroying CUDA event: CUDA_ERROR_OUT_OF_MEMORY: out of memory
E0827 13:44:32.426887 2333580 cuda_event.cc:50] Error destroying CUDA event: CUDA_ERROR_OUT_OF_MEMORY: out of memory
E0827 13:44:32.426890 2333580 cuda_event.cc:50] Error destroying CUDA event: CUDA_ERROR_OUT_OF_MEMORY: out of memory
E0827 13:44:32.426892 2333580 cuda_event.cc:50] Error destroying CUDA event: CUDA_ERROR_OUT_OF_MEMORY: out of memory
E0827 13:44:32.426894 2333580 cuda_event.cc:50] Error destroying CUDA event: CUDA_ERROR_OUT_OF_MEMORY: out of memory
E0827 13:44:32.426913 2333580 cuda_event.cc:50] Error destroying CUDA event: CUDA_ERROR_OUT_OF_MEMORY: out of memory
E0827 13:44:32.426916 2333580 cuda_event.cc:50] Error destroying CUDA event: CUDA_ERROR_OUT_OF_MEMORY: out of memory
E0827 13:44:32.426923 2333580 cuda_event.cc:50] Error destroying CUDA event: CUDA_ERROR_OUT_OF_MEMORY: out of memory
E0827 13:44:32.426927 2333580 cuda_event.cc:50] Error destroying CUDA event: CUDA_ERROR_OUT_OF_MEMORY: out of memory
E0827 13:44:32.426929 2333580 cuda_event.cc:50] Error destroying CUDA event: CUDA_ERROR_OUT_OF_MEMORY: out of memory
E0827 13:44:32.426938 2333580 cuda_event.cc:50] Error destroying CUDA event: CUDA_ERROR_OUT_OF_MEMORY: out of memory
E0827 13:44:32.427102 2333580 cuda_event.cc:50] Error destroying CUDA event: CUDA_ERROR_OUT_OF_MEMORY: out of memory
E0827 13:44:32.427109 2333580 cuda_event.cc:50] Error destroying CUDA event: CUDA_ERROR_OUT_OF_MEMORY: out of memory
E0827 13:44:32.427113 2333580 cuda_event.cc:50] Error destroying CUDA event: CUDA_ERROR_OUT_OF_MEMORY: out of memory
E0827 13:44:32.427122 2333580 cuda_event.cc:50] Error destroying CUDA event: CUDA_ERROR_OUT_OF_MEMORY: out of memory
E0827 13:44:32.427125 2333580 cuda_event.cc:50] Error destroying CUDA event: CUDA_ERROR_OUT_OF_MEMORY: out of memory
E0827 13:44:32.427127 2333580 cuda_event.cc:50] Error destroying CUDA event: CUDA_ERROR_OUT_OF_MEMORY: out of memory
E0827 13:44:32.427130 2333580 cuda_event.cc:50] Error destroying CUDA event: CUDA_ERROR_OUT_OF_MEMORY: out of memory
E0827 13:44:32.427132 2333580 cuda_event.cc:50] Error destroying CUDA event: CUDA_ERROR_OUT_OF_MEMORY: out of memory
E0827 13:44:32.427284 2333580 cuda_event.cc:50] Error destroying CUDA event: CUDA_ERROR_OUT_OF_MEMORY: out of memory
E0827 13:44:32.427428 2333580 cuda_event.cc:50] Error destroying CUDA event: CUDA_ERROR_OUT_OF_MEMORY: out of memory
E0827 13:44:32.427432 2333580 cuda_event.cc:50] Error destroying CUDA event: CUDA_ERROR_OUT_OF_MEMORY: out of memory
E0827 13:44:32.427435 2333580 cuda_event.cc:50] Error destroying CUDA event: CUDA_ERROR_OUT_OF_MEMORY: out of memory
E0827 13:44:32.427449 2333580 cuda_event.cc:50] Error destroying CUDA event: CUDA_ERROR_OUT_OF_MEMORY: out of memory
E0827 13:44:32.427452 2333580 cuda_event.cc:50] Error destroying CUDA event: CUDA_ERROR_OUT_OF_MEMORY: out of memory
E0827 13:44:32.427454 2333580 cuda_event.cc:50] Error destroying CUDA event: CUDA_ERROR_OUT_OF_MEMORY: out of memory
E0827 13:44:32.427462 2333580 cuda_event.cc:50] Error destroying CUDA event: CUDA_ERROR_OUT_OF_MEMORY: out of memory
E0827 13:44:32.427465 2333580 cuda_event.cc:50] Error destroying CUDA event: CUDA_ERROR_OUT_OF_MEMORY: out of memory
E0827 13:44:32.427468 2333580 cuda_event.cc:50] Error destroying CUDA event: CUDA_ERROR_OUT_OF_MEMORY: out of memory
E0827 13:44:32.427470 2333580 cuda_event.cc:50] Error destroying CUDA event: CUDA_ERROR_OUT_OF_MEMORY: out of memory
E0827 13:44:32.427476 2333580 cuda_event.cc:50] Error destroying CUDA event: CUDA_ERROR_OUT_OF_MEMORY: out of memory
E0827 13:44:32.427480 2333580 cuda_event.cc:50] Error destroying CUDA event: CUDA_ERROR_OUT_OF_MEMORY: out of memory
E0827 13:44:32.427483 2333580 cuda_event.cc:50] Error destroying CUDA event: CUDA_ERROR_OUT_OF_MEMORY: out of memory
E0827 13:44:32.427485 2333580 cuda_event.cc:50] Error destroying CUDA event: CUDA_ERROR_OUT_OF_MEMORY: out of memory
E0827 13:44:32.427487 2333580 cuda_event.cc:50] Error destroying CUDA event: CUDA_ERROR_OUT_OF_MEMORY: out of memory
E0827 13:44:32.427489 2333580 cuda_event.cc:50] Error destroying CUDA event: CUDA_ERROR_OUT_OF_MEMORY: out of memory
E0827 13:44:32.427492 2333580 cuda_event.cc:50] Error destroying CUDA event: CUDA_ERROR_OUT_OF_MEMORY: out of memory
E0827 13:44:32.427619 2333580 cuda_event.cc:50] Error destroying CUDA event: CUDA_ERROR_OUT_OF_MEMORY: out of memory
E0827 13:44:32.427627 2333580 cuda_event.cc:50] Error destroying CUDA event: CUDA_ERROR_OUT_OF_MEMORY: out of memory
E0827 13:44:32.427631 2333580 cuda_event.cc:50] Error destroying CUDA event: CUDA_ERROR_OUT_OF_MEMORY: out of memory
E0827 13:44:32.427635 2333580 cuda_event.cc:50] Error destroying CUDA event: CUDA_ERROR_OUT_OF_MEMORY: out of memory
E0827 13:44:32.427638 2333580 cuda_event.cc:50] Error destroying CUDA event: CUDA_ERROR_OUT_OF_MEMORY: out of memory
E0827 13:44:32.427643 2333580 cuda_event.cc:50] Error destroying CUDA event: CUDA_ERROR_OUT_OF_MEMORY: out of memory
E0827 13:44:32.427645 2333580 cuda_event.cc:50] Error destroying CUDA event: CUDA_ERROR_OUT_OF_MEMORY: out of memory
E0827 13:44:32.427647 2333580 cuda_event.cc:50] Error destroying CUDA event: CUDA_ERROR_OUT_OF_MEMORY: out of memory
E0827 13:44:32.427649 2333580 cuda_event.cc:50] Error destroying CUDA event: CUDA_ERROR_OUT_OF_MEMORY: out of memory
E0827 13:44:32.427652 2333580 cuda_event.cc:50] Error destroying CUDA event: CUDA_ERROR_OUT_OF_MEMORY: out of memory
E0827 13:44:32.427654 2333580 cuda_event.cc:50] Error destroying CUDA event: CUDA_ERROR_OUT_OF_MEMORY: out of memory
E0827 13:44:32.427656 2333580 cuda_event.cc:50] Error destroying CUDA event: CUDA_ERROR_OUT_OF_MEMORY: out of memory
E0827 13:44:32.427658 2333580 cuda_event.cc:50] Error destroying CUDA event: CUDA_ERROR_OUT_OF_MEMORY: out of memory
E0827 13:44:32.427661 2333580 cuda_event.cc:50] Error destroying CUDA event: CUDA_ERROR_OUT_OF_MEMORY: out of memory
E0827 13:44:32.427663 2333580 cuda_event.cc:50] Error destroying CUDA event: CUDA_ERROR_OUT_OF_MEMORY: out of memory
E0827 13:44:32.427666 2333580 cuda_event.cc:50] Error destroying CUDA event: CUDA_ERROR_OUT_OF_MEMORY: out of memory
E0827 13:44:32.427668 2333580 cuda_event.cc:50] Error destroying CUDA event: CUDA_ERROR_OUT_OF_MEMORY: out of memory
E0827 13:44:32.427672 2333580 cuda_event.cc:50] Error destroying CUDA event: CUDA_ERROR_OUT_OF_MEMORY: out of memory
E0827 13:44:32.427680 2333580 cuda_event.cc:50] Error destroying CUDA event: CUDA_ERROR_OUT_OF_MEMORY: out of memory
E0827 13:44:32.427690 2333580 cuda_event.cc:50] Error destroying CUDA event: CUDA_ERROR_OUT_OF_MEMORY: out of memory
E0827 13:44:32.427692 2333580 cuda_event.cc:50] Error destroying CUDA event: CUDA_ERROR_OUT_OF_MEMORY: out of memory
E0827 13:44:32.427694 2333580 cuda_event.cc:50] Error destroying CUDA event: CUDA_ERROR_OUT_OF_MEMORY: out of memory
E0827 13:44:32.427696 2333580 cuda_event.cc:50] Error destroying CUDA event: CUDA_ERROR_OUT_OF_MEMORY: out of memory
E0827 13:44:32.427699 2333580 cuda_event.cc:50] Error destroying CUDA event: CUDA_ERROR_OUT_OF_MEMORY: out of memory
E0827 13:44:32.427701 2333580 cuda_event.cc:50] Error destroying CUDA event: CUDA_ERROR_OUT_OF_MEMORY: out of memory
E0827 13:44:32.427703 2333580 cuda_event.cc:50] Error destroying CUDA event: CUDA_ERROR_OUT_OF_MEMORY: out of memory
E0827 13:44:32.427705 2333580 cuda_event.cc:50] Error destroying CUDA event: CUDA_ERROR_OUT_OF_MEMORY: out of memory
E0827 13:44:32.427711 2333580 cuda_event.cc:50] Error destroying CUDA event: CUDA_ERROR_OUT_OF_MEMORY: out of memory
E0827 13:44:32.427714 2333580 cuda_event.cc:50] Error destroying CUDA event: CUDA_ERROR_OUT_OF_MEMORY: out of memory
E0827 13:44:32.427718 2333580 cuda_event.cc:50] Error destroying CUDA event: CUDA_ERROR_OUT_OF_MEMORY: out of memory
E0827 13:44:32.427721 2333580 cuda_event.cc:50] Error destroying CUDA event: CUDA_ERROR_OUT_OF_MEMORY: out of memory
E0827 13:44:32.427723 2333580 cuda_event.cc:50] Error destroying CUDA event: CUDA_ERROR_OUT_OF_MEMORY: out of memory
E0827 13:44:32.427732 2333580 cuda_event.cc:50] Error destroying CUDA event: CUDA_ERROR_OUT_OF_MEMORY: out of memory
E0827 13:44:32.427772 2333580 cuda_event.cc:50] Error destroying CUDA event: CUDA_ERROR_OUT_OF_MEMORY: out of memory
E0827 13:44:32.427775 2333580 cuda_event.cc:50] Error destroying CUDA event: CUDA_ERROR_OUT_OF_MEMORY: out of memory
E0827 13:44:32.427778 2333580 cuda_event.cc:50] Error destroying CUDA event: CUDA_ERROR_OUT_OF_MEMORY: out of memory
E0827 13:44:32.427781 2333580 cuda_event.cc:50] Error destroying CUDA event: CUDA_ERROR_OUT_OF_MEMORY: out of memory
E0827 13:44:32.427784 2333580 cuda_event.cc:50] Error destroying CUDA event: CUDA_ERROR_OUT_OF_MEMORY: out of memory
E0827 13:44:32.427786 2333580 cuda_event.cc:50] Error destroying CUDA event: CUDA_ERROR_OUT_OF_MEMORY: out of memory
E0827 13:44:32.427788 2333580 cuda_event.cc:50] Error destroying CUDA event: CUDA_ERROR_OUT_OF_MEMORY: out of memory
E0827 13:44:32.427790 2333580 cuda_event.cc:50] Error destroying CUDA event: CUDA_ERROR_OUT_OF_MEMORY: out of memory
E0827 13:44:32.427793 2333580 cuda_event.cc:50] Error destroying CUDA event: CUDA_ERROR_OUT_OF_MEMORY: out of memory
E0827 13:44:32.427795 2333580 cuda_event.cc:50] Error destroying CUDA event: CUDA_ERROR_OUT_OF_MEMORY: out of memory
E0827 13:44:32.427797 2333580 cuda_event.cc:50] Error destroying CUDA event: CUDA_ERROR_OUT_OF_MEMORY: out of memory
E0827 13:44:32.427799 2333580 cuda_event.cc:50] Error destroying CUDA event: CUDA_ERROR_OUT_OF_MEMORY: out of memory
E0827 13:44:32.427802 2333580 cuda_event.cc:50] Error destroying CUDA event: CUDA_ERROR_OUT_OF_MEMORY: out of memory
E0827 13:44:32.427803 2333580 cuda_event.cc:50] Error destroying CUDA event: CUDA_ERROR_OUT_OF_MEMORY: out of memory
E0827 13:44:32.427808 2333580 cuda_event.cc:50] Error destroying CUDA event: CUDA_ERROR_OUT_OF_MEMORY: out of memory
E0827 13:44:32.427810 2333580 cuda_event.cc:50] Error destroying CUDA event: CUDA_ERROR_OUT_OF_MEMORY: out of memory
E0827 13:44:32.427812 2333580 cuda_event.cc:50] Error destroying CUDA event: CUDA_ERROR_OUT_OF_MEMORY: out of memory
E0827 13:44:32.427815 2333580 cuda_event.cc:50] Error destroying CUDA event: CUDA_ERROR_OUT_OF_MEMORY: out of memory
E0827 13:44:32.427824 2333580 cuda_event.cc:50] Error destroying CUDA event: CUDA_ERROR_OUT_OF_MEMORY: out of memory
E0827 13:44:32.427828 2333580 cuda_event.cc:50] Error destroying CUDA event: CUDA_ERROR_OUT_OF_MEMORY: out of memory
E0827 13:44:32.427830 2333580 cuda_event.cc:50] Error destroying CUDA event: CUDA_ERROR_OUT_OF_MEMORY: out of memory
E0827 13:44:32.427832 2333580 cuda_event.cc:50] Error destroying CUDA event: CUDA_ERROR_OUT_OF_MEMORY: out of memory
E0827 13:44:32.427834 2333580 cuda_event.cc:50] Error destroying CUDA event: CUDA_ERROR_OUT_OF_MEMORY: out of memory
E0827 13:44:32.427950 2333580 cuda_event.cc:50] Error destroying CUDA event: CUDA_ERROR_OUT_OF_MEMORY: out of memory
E0827 13:44:32.427955 2333580 cuda_event.cc:50] Error destroying CUDA event: CUDA_ERROR_OUT_OF_MEMORY: out of memory
E0827 13:44:32.427958 2333580 cuda_event.cc:50] Error destroying CUDA event: CUDA_ERROR_OUT_OF_MEMORY: out of memory
E0827 13:44:32.427961 2333580 cuda_event.cc:50] Error destroying CUDA event: CUDA_ERROR_OUT_OF_MEMORY: out of memory
E0827 13:44:32.427963 2333580 cuda_event.cc:50] Error destroying CUDA event: CUDA_ERROR_OUT_OF_MEMORY: out of memory
E0827 13:44:32.427965 2333580 cuda_event.cc:50] Error destroying CUDA event: CUDA_ERROR_OUT_OF_MEMORY: out of memory
E0827 13:44:32.427969 2333580 cuda_event.cc:50] Error destroying CUDA event: CUDA_ERROR_OUT_OF_MEMORY: out of memory
E0827 13:44:32.427971 2333580 cuda_event.cc:50] Error destroying CUDA event: CUDA_ERROR_OUT_OF_MEMORY: out of memory
E0827 13:44:32.427975 2333580 cuda_event.cc:50] Error destroying CUDA event: CUDA_ERROR_OUT_OF_MEMORY: out of memory
E0827 13:44:32.427978 2333580 cuda_event.cc:50] Error destroying CUDA event: CUDA_ERROR_OUT_OF_MEMORY: out of memory
E0827 13:44:32.427991 2333580 cuda_event.cc:50] Error destroying CUDA event: CUDA_ERROR_OUT_OF_MEMORY: out of memory
E0827 13:44:32.427993 2333580 cuda_event.cc:50] Error destroying CUDA event: CUDA_ERROR_OUT_OF_MEMORY: out of memory
E0827 13:44:32.427996 2333580 cuda_event.cc:50] Error destroying CUDA event: CUDA_ERROR_OUT_OF_MEMORY: out of memory
E0827 13:44:32.427998 2333580 cuda_event.cc:50] Error destroying CUDA event: CUDA_ERROR_OUT_OF_MEMORY: out of memory
E0827 13:44:32.428004 2333580 cuda_event.cc:50] Error destroying CUDA event: CUDA_ERROR_OUT_OF_MEMORY: out of memory
E0827 13:44:32.428006 2333580 cuda_event.cc:50] Error destroying CUDA event: CUDA_ERROR_OUT_OF_MEMORY: out of memory
E0827 13:44:32.428008 2333580 cuda_event.cc:50] Error destroying CUDA event: CUDA_ERROR_OUT_OF_MEMORY: out of memory
E0827 13:44:32.428011 2333580 cuda_event.cc:50] Error destroying CUDA event: CUDA_ERROR_OUT_OF_MEMORY: out of memory
E0827 13:44:32.428013 2333580 cuda_event.cc:50] Error destroying CUDA event: CUDA_ERROR_OUT_OF_MEMORY: out of memory
E0827 13:44:32.428015 2333580 cuda_event.cc:50] Error destroying CUDA event: CUDA_ERROR_OUT_OF_MEMORY: out of memory
E0827 13:44:32.428018 2333580 cuda_event.cc:50] Error destroying CUDA event: CUDA_ERROR_OUT_OF_MEMORY: out of memory
E0827 13:44:32.428020 2333580 cuda_event.cc:50] Error destroying CUDA event: CUDA_ERROR_OUT_OF_MEMORY: out of memory
E0827 13:44:32.428029 2333580 cuda_event.cc:50] Error destroying CUDA event: CUDA_ERROR_OUT_OF_MEMORY: out of memory
E0827 13:44:32.428031 2333580 cuda_event.cc:50] Error destroying CUDA event: CUDA_ERROR_OUT_OF_MEMORY: out of memory
E0827 13:44:32.428037 2333580 cuda_event.cc:50] Error destroying CUDA event: CUDA_ERROR_OUT_OF_MEMORY: out of memory
E0827 13:44:32.428039 2333580 cuda_event.cc:50] Error destroying CUDA event: CUDA_ERROR_OUT_OF_MEMORY: out of memory
E0827 13:44:32.428042 2333580 cuda_event.cc:50] Error destroying CUDA event: CUDA_ERROR_OUT_OF_MEMORY: out of memory
E0827 13:44:32.428044 2333580 cuda_event.cc:50] Error destroying CUDA event: CUDA_ERROR_OUT_OF_MEMORY: out of memory
E0827 13:44:32.428046 2333580 cuda_event.cc:50] Error destroying CUDA event: CUDA_ERROR_OUT_OF_MEMORY: out of memory
E0827 13:44:32.428048 2333580 cuda_event.cc:50] Error destroying CUDA event: CUDA_ERROR_OUT_OF_MEMORY: out of memory
E0827 13:44:32.428050 2333580 cuda_event.cc:50] Error destroying CUDA event: CUDA_ERROR_OUT_OF_MEMORY: out of memory
E0827 13:44:32.428052 2333580 cuda_event.cc:50] Error destroying CUDA event: CUDA_ERROR_OUT_OF_MEMORY: out of memory
E0827 13:44:32.428060 2333580 cuda_event.cc:50] Error destroying CUDA event: CUDA_ERROR_OUT_OF_MEMORY: out of memory
E0827 13:44:32.428062 2333580 cuda_event.cc:50] Error destroying CUDA event: CUDA_ERROR_OUT_OF_MEMORY: out of memory
E0827 13:44:32.428065 2333580 cuda_event.cc:50] Error destroying CUDA event: CUDA_ERROR_OUT_OF_MEMORY: out of memory
E0827 13:44:32.428067 2333580 cuda_event.cc:50] Error destroying CUDA event: CUDA_ERROR_OUT_OF_MEMORY: out of memory
E0827 13:44:32.428069 2333580 cuda_event.cc:50] Error destroying CUDA event: CUDA_ERROR_OUT_OF_MEMORY: out of memory
E0827 13:44:32.428071 2333580 cuda_event.cc:50] Error destroying CUDA event: CUDA_ERROR_OUT_OF_MEMORY: out of memory
E0827 13:44:32.428074 2333580 cuda_event.cc:50] Error destroying CUDA event: CUDA_ERROR_OUT_OF_MEMORY: out of memory
E0827 13:44:32.428076 2333580 cuda_event.cc:50] Error destroying CUDA event: CUDA_ERROR_OUT_OF_MEMORY: out of memory
E0827 13:44:32.428079 2333580 cuda_event.cc:50] Error destroying CUDA event: CUDA_ERROR_OUT_OF_MEMORY: out of memory
E0827 13:44:32.428082 2333580 cuda_event.cc:50] Error destroying CUDA event: CUDA_ERROR_OUT_OF_MEMORY: out of memory
E0827 13:44:32.428083 2333580 cuda_event.cc:50] Error destroying CUDA event: CUDA_ERROR_OUT_OF_MEMORY: out of memory
E0827 13:44:32.428087 2333580 cuda_event.cc:50] Error destroying CUDA event: CUDA_ERROR_OUT_OF_MEMORY: out of memory
E0827 13:44:32.428089 2333580 cuda_event.cc:50] Error destroying CUDA event: CUDA_ERROR_OUT_OF_MEMORY: out of memory
E0827 13:44:32.428091 2333580 cuda_event.cc:50] Error destroying CUDA event: CUDA_ERROR_OUT_OF_MEMORY: out of memory
E0827 13:44:32.428094 2333580 cuda_event.cc:50] Error destroying CUDA event: CUDA_ERROR_OUT_OF_MEMORY: out of memory
E0827 13:44:32.428096 2333580 cuda_event.cc:50] Error destroying CUDA event: CUDA_ERROR_OUT_OF_MEMORY: out of memory
E0827 13:44:32.428098 2333580 cuda_event.cc:50] Error destroying CUDA event: CUDA_ERROR_OUT_OF_MEMORY: out of memory
E0827 13:44:32.428101 2333580 cuda_event.cc:50] Error destroying CUDA event: CUDA_ERROR_OUT_OF_MEMORY: out of memory
E0827 13:44:32.428103 2333580 cuda_event.cc:50] Error destroying CUDA event: CUDA_ERROR_OUT_OF_MEMORY: out of memory
E0827 13:44:32.428105 2333580 cuda_event.cc:50] Error destroying CUDA event: CUDA_ERROR_OUT_OF_MEMORY: out of memory
E0827 13:44:32.428107 2333580 cuda_event.cc:50] Error destroying CUDA event: CUDA_ERROR_OUT_OF_MEMORY: out of memory
E0827 13:44:32.428110 2333580 cuda_event.cc:50] Error destroying CUDA event: CUDA_ERROR_OUT_OF_MEMORY: out of memory
E0827 13:44:32.428112 2333580 cuda_event.cc:50] Error destroying CUDA event: CUDA_ERROR_OUT_OF_MEMORY: out of memory
E0827 13:44:32.428115 2333580 cuda_event.cc:50] Error destroying CUDA event: CUDA_ERROR_OUT_OF_MEMORY: out of memory
E0827 13:44:32.428118 2333580 cuda_event.cc:50] Error destroying CUDA event: CUDA_ERROR_OUT_OF_MEMORY: out of memory
E0827 13:44:32.428121 2333580 cuda_event.cc:50] Error destroying CUDA event: CUDA_ERROR_OUT_OF_MEMORY: out of memory
E0827 13:44:32.428124 2333580 cuda_event.cc:50] Error destroying CUDA event: CUDA_ERROR_OUT_OF_MEMORY: out of memory
E0827 13:44:32.428126 2333580 cuda_event.cc:50] Error destroying CUDA event: CUDA_ERROR_OUT_OF_MEMORY: out of memory
E0827 13:44:32.428130 2333580 cuda_event.cc:50] Error destroying CUDA event: CUDA_ERROR_OUT_OF_MEMORY: out of memory
E0827 13:44:32.428133 2333580 cuda_event.cc:50] Error destroying CUDA event: CUDA_ERROR_OUT_OF_MEMORY: out of memory
E0827 13:44:32.428135 2333580 cuda_event.cc:50] Error destroying CUDA event: CUDA_ERROR_OUT_OF_MEMORY: out of memory
E0827 13:44:32.428138 2333580 cuda_event.cc:50] Error destroying CUDA event: CUDA_ERROR_OUT_OF_MEMORY: out of memory
E0827 13:44:32.428140 2333580 cuda_event.cc:50] Error destroying CUDA event: CUDA_ERROR_OUT_OF_MEMORY: out of memory
E0827 13:44:32.428142 2333580 cuda_event.cc:50] Error destroying CUDA event: CUDA_ERROR_OUT_OF_MEMORY: out of memory
E0827 13:44:32.428144 2333580 cuda_event.cc:50] Error destroying CUDA event: CUDA_ERROR_OUT_OF_MEMORY: out of memory
E0827 13:44:32.428147 2333580 cuda_event.cc:50] Error destroying CUDA event: CUDA_ERROR_OUT_OF_MEMORY: out of memory
E0827 13:44:32.428149 2333580 cuda_event.cc:50] Error destroying CUDA event: CUDA_ERROR_OUT_OF_MEMORY: out of memory
E0827 13:44:32.428152 2333580 cuda_event.cc:50] Error destroying CUDA event: CUDA_ERROR_OUT_OF_MEMORY: out of memory
E0827 13:44:32.428154 2333580 cuda_event.cc:50] Error destroying CUDA event: CUDA_ERROR_OUT_OF_MEMORY: out of memory
E0827 13:44:32.428161 2333580 cuda_event.cc:50] Error destroying CUDA event: CUDA_ERROR_OUT_OF_MEMORY: out of memory
E0827 13:44:32.428163 2333580 cuda_event.cc:50] Error destroying CUDA event: CUDA_ERROR_OUT_OF_MEMORY: out of memory
E0827 13:44:32.428165 2333580 cuda_event.cc:50] Error destroying CUDA event: CUDA_ERROR_OUT_OF_MEMORY: out of memory
E0827 13:44:32.428167 2333580 cuda_event.cc:50] Error destroying CUDA event: CUDA_ERROR_OUT_OF_MEMORY: out of memory
E0827 13:44:32.428170 2333580 cuda_event.cc:50] Error destroying CUDA event: CUDA_ERROR_OUT_OF_MEMORY: out of memory
E0827 13:44:32.428172 2333580 cuda_event.cc:50] Error destroying CUDA event: CUDA_ERROR_OUT_OF_MEMORY: out of memory
E0827 13:44:32.428175 2333580 cuda_event.cc:50] Error destroying CUDA event: CUDA_ERROR_OUT_OF_MEMORY: out of memory
E0827 13:44:32.428179 2333580 cuda_event.cc:50] Error destroying CUDA event: CUDA_ERROR_OUT_OF_MEMORY: out of memory
E0827 13:44:32.428181 2333580 cuda_event.cc:50] Error destroying CUDA event: CUDA_ERROR_OUT_OF_MEMORY: out of memory
E0827 13:44:32.428183 2333580 cuda_event.cc:50] Error destroying CUDA event: CUDA_ERROR_OUT_OF_MEMORY: out of memory
E0827 13:44:32.428185 2333580 cuda_event.cc:50] Error destroying CUDA event: CUDA_ERROR_OUT_OF_MEMORY: out of memory
E0827 13:44:32.428188 2333580 cuda_event.cc:50] Error destroying CUDA event: CUDA_ERROR_OUT_OF_MEMORY: out of memory
E0827 13:44:32.428190 2333580 cuda_event.cc:50] Error destroying CUDA event: CUDA_ERROR_OUT_OF_MEMORY: out of memory
E0827 13:44:32.428193 2333580 cuda_event.cc:50] Error destroying CUDA event: CUDA_ERROR_OUT_OF_MEMORY: out of memory
E0827 13:44:32.428197 2333580 cuda_event.cc:50] Error destroying CUDA event: CUDA_ERROR_OUT_OF_MEMORY: out of memory
E0827 13:44:32.428199 2333580 cuda_event.cc:50] Error destroying CUDA event: CUDA_ERROR_OUT_OF_MEMORY: out of memory
E0827 13:44:32.428201 2333580 cuda_event.cc:50] Error destroying CUDA event: CUDA_ERROR_OUT_OF_MEMORY: out of memory
E0827 13:44:32.428204 2333580 cuda_event.cc:50] Error destroying CUDA event: CUDA_ERROR_OUT_OF_MEMORY: out of memory
E0827 13:44:32.428206 2333580 cuda_event.cc:50] Error destroying CUDA event: CUDA_ERROR_OUT_OF_MEMORY: out of memory
E0827 13:44:32.428209 2333580 cuda_event.cc:50] Error destroying CUDA event: CUDA_ERROR_OUT_OF_MEMORY: out of memory
E0827 13:44:32.428211 2333580 cuda_event.cc:50] Error destroying CUDA event: CUDA_ERROR_OUT_OF_MEMORY: out of memory
E0827 13:44:32.428213 2333580 cuda_event.cc:50] Error destroying CUDA event: CUDA_ERROR_OUT_OF_MEMORY: out of memory
E0827 13:44:32.428216 2333580 cuda_event.cc:50] Error destroying CUDA event: CUDA_ERROR_OUT_OF_MEMORY: out of memory
E0827 13:44:32.428218 2333580 cuda_event.cc:50] Error destroying CUDA event: CUDA_ERROR_OUT_OF_MEMORY: out of memory
E0827 13:44:32.428220 2333580 cuda_event.cc:50] Error destroying CUDA event: CUDA_ERROR_OUT_OF_MEMORY: out of memory
E0827 13:44:32.428223 2333580 cuda_event.cc:50] Error destroying CUDA event: CUDA_ERROR_OUT_OF_MEMORY: out of memory
E0827 13:44:32.428225 2333580 cuda_event.cc:50] Error destroying CUDA event: CUDA_ERROR_OUT_OF_MEMORY: out of memory
E0827 13:44:32.428231 2333580 cuda_event.cc:50] Error destroying CUDA event: CUDA_ERROR_OUT_OF_MEMORY: out of memory
E0827 13:44:32.428236 2333580 cuda_event.cc:50] Error destroying CUDA event: CUDA_ERROR_OUT_OF_MEMORY: out of memory
E0827 13:44:32.428241 2333580 cuda_event.cc:50] Error destroying CUDA event: CUDA_ERROR_OUT_OF_MEMORY: out of memory
E0827 13:44:32.428257 2333580 cuda_event.cc:50] Error destroying CUDA event: CUDA_ERROR_OUT_OF_MEMORY: out of memory
E0827 13:44:32.428259 2333580 cuda_event.cc:50] Error destroying CUDA event: CUDA_ERROR_OUT_OF_MEMORY: out of memory
E0827 13:44:32.428262 2333580 cuda_event.cc:50] Error destroying CUDA event: CUDA_ERROR_OUT_OF_MEMORY: out of memory
E0827 13:44:32.428265 2333580 cuda_event.cc:50] Error destroying CUDA event: CUDA_ERROR_OUT_OF_MEMORY: out of memory
E0827 13:44:32.428268 2333580 cuda_event.cc:50] Error destroying CUDA event: CUDA_ERROR_OUT_OF_MEMORY: out of memory
E0827 13:44:32.428271 2333580 cuda_event.cc:50] Error destroying CUDA event: CUDA_ERROR_OUT_OF_MEMORY: out of memory
E0827 13:44:32.428274 2333580 cuda_event.cc:50] Error destroying CUDA event: CUDA_ERROR_OUT_OF_MEMORY: out of memory
E0827 13:44:32.428276 2333580 cuda_event.cc:50] Error destroying CUDA event: CUDA_ERROR_OUT_OF_MEMORY: out of memory
E0827 13:44:32.428286 2333580 cuda_event.cc:50] Error destroying CUDA event: CUDA_ERROR_OUT_OF_MEMORY: out of memory
E0827 13:44:32.428288 2333580 cuda_event.cc:50] Error destroying CUDA event: CUDA_ERROR_OUT_OF_MEMORY: out of memory
E0827 13:44:32.428290 2333580 cuda_event.cc:50] Error destroying CUDA event: CUDA_ERROR_OUT_OF_MEMORY: out of memory
E0827 13:44:32.428294 2333580 cuda_event.cc:50] Error destroying CUDA event: CUDA_ERROR_OUT_OF_MEMORY: out of memory
E0827 13:44:32.428297 2333580 cuda_event.cc:50] Error destroying CUDA event: CUDA_ERROR_OUT_OF_MEMORY: out of memory
E0827 13:44:32.428300 2333580 cuda_event.cc:50] Error destroying CUDA event: CUDA_ERROR_OUT_OF_MEMORY: out of memory
E0827 13:44:32.428303 2333580 cuda_event.cc:50] Error destroying CUDA event: CUDA_ERROR_OUT_OF_MEMORY: out of memory
E0827 13:44:32.428305 2333580 cuda_event.cc:50] Error destroying CUDA event: CUDA_ERROR_OUT_OF_MEMORY: out of memory
E0827 13:44:32.428307 2333580 cuda_event.cc:50] Error destroying CUDA event: CUDA_ERROR_OUT_OF_MEMORY: out of memory
E0827 13:44:32.428309 2333580 cuda_event.cc:50] Error destroying CUDA event: CUDA_ERROR_OUT_OF_MEMORY: out of memory
E0827 13:44:32.428312 2333580 cuda_event.cc:50] Error destroying CUDA event: CUDA_ERROR_OUT_OF_MEMORY: out of memory
E0827 13:44:32.428314 2333580 cuda_event.cc:50] Error destroying CUDA event: CUDA_ERROR_OUT_OF_MEMORY: out of memory
E0827 13:44:32.428316 2333580 cuda_event.cc:50] Error destroying CUDA event: CUDA_ERROR_OUT_OF_MEMORY: out of memory
E0827 13:44:32.428318 2333580 cuda_event.cc:50] Error destroying CUDA event: CUDA_ERROR_OUT_OF_MEMORY: out of memory
E0827 13:44:32.428321 2333580 cuda_event.cc:50] Error destroying CUDA event: CUDA_ERROR_OUT_OF_MEMORY: out of memory
E0827 13:44:32.428472 2333580 cuda_event.cc:50] Error destroying CUDA event: CUDA_ERROR_OUT_OF_MEMORY: out of memory
E0827 13:44:32.428477 2333580 cuda_event.cc:50] Error destroying CUDA event: CUDA_ERROR_OUT_OF_MEMORY: out of memory
E0827 13:44:32.428481 2333580 cuda_event.cc:50] Error destroying CUDA event: CUDA_ERROR_OUT_OF_MEMORY: out of memory
E0827 13:44:32.428484 2333580 cuda_event.cc:50] Error destroying CUDA event: CUDA_ERROR_OUT_OF_MEMORY: out of memory
E0827 13:44:32.428486 2333580 cuda_event.cc:50] Error destroying CUDA event: CUDA_ERROR_OUT_OF_MEMORY: out of memory
E0827 13:44:32.428488 2333580 cuda_event.cc:50] Error destroying CUDA event: CUDA_ERROR_OUT_OF_MEMORY: out of memory
E0827 13:44:32.428490 2333580 cuda_event.cc:50] Error destroying CUDA event: CUDA_ERROR_OUT_OF_MEMORY: out of memory
E0827 13:44:32.428492 2333580 cuda_event.cc:50] Error destroying CUDA event: CUDA_ERROR_OUT_OF_MEMORY: out of memory
E0827 13:44:32.428494 2333580 cuda_event.cc:50] Error destroying CUDA event: CUDA_ERROR_OUT_OF_MEMORY: out of memory
E0827 13:44:32.428497 2333580 cuda_event.cc:50] Error destroying CUDA event: CUDA_ERROR_OUT_OF_MEMORY: out of memory
E0827 13:44:32.428499 2333580 cuda_event.cc:50] Error destroying CUDA event: CUDA_ERROR_OUT_OF_MEMORY: out of memory
E0827 13:44:32.428501 2333580 cuda_event.cc:50] Error destroying CUDA event: CUDA_ERROR_OUT_OF_MEMORY: out of memory
E0827 13:44:32.428503 2333580 cuda_event.cc:50] Error destroying CUDA event: CUDA_ERROR_OUT_OF_MEMORY: out of memory
E0827 13:44:32.428505 2333580 cuda_event.cc:50] Error destroying CUDA event: CUDA_ERROR_OUT_OF_MEMORY: out of memory
E0827 13:44:32.428508 2333580 cuda_event.cc:50] Error destroying CUDA event: CUDA_ERROR_OUT_OF_MEMORY: out of memory
E0827 13:44:32.428513 2333580 cuda_event.cc:50] Error destroying CUDA event: CUDA_ERROR_OUT_OF_MEMORY: out of memory
E0827 13:44:32.428515 2333580 cuda_event.cc:50] Error destroying CUDA event: CUDA_ERROR_OUT_OF_MEMORY: out of memory
E0827 13:44:32.428517 2333580 cuda_event.cc:50] Error destroying CUDA event: CUDA_ERROR_OUT_OF_MEMORY: out of memory
E0827 13:44:32.428536 2333580 cuda_event.cc:50] Error destroying CUDA event: CUDA_ERROR_OUT_OF_MEMORY: out of memory
E0827 13:44:32.428538 2333580 cuda_event.cc:50] Error destroying CUDA event: CUDA_ERROR_OUT_OF_MEMORY: out of memory
E0827 13:44:32.428540 2333580 cuda_event.cc:50] Error destroying CUDA event: CUDA_ERROR_OUT_OF_MEMORY: out of memory
E0827 13:44:32.428543 2333580 cuda_event.cc:50] Error destroying CUDA event: CUDA_ERROR_OUT_OF_MEMORY: out of memory
E0827 13:44:32.428545 2333580 cuda_event.cc:50] Error destroying CUDA event: CUDA_ERROR_OUT_OF_MEMORY: out of memory
E0827 13:44:32.428547 2333580 cuda_event.cc:50] Error destroying CUDA event: CUDA_ERROR_OUT_OF_MEMORY: out of memory
E0827 13:44:32.428557 2333580 cuda_event.cc:50] Error destroying CUDA event: CUDA_ERROR_OUT_OF_MEMORY: out of memory
E0827 13:44:32.428560 2333580 cuda_event.cc:50] Error destroying CUDA event: CUDA_ERROR_OUT_OF_MEMORY: out of memory
E0827 13:44:32.428563 2333580 cuda_event.cc:50] Error destroying CUDA event: CUDA_ERROR_OUT_OF_MEMORY: out of memory
E0827 13:44:32.428565 2333580 cuda_event.cc:50] Error destroying CUDA event: CUDA_ERROR_OUT_OF_MEMORY: out of memory
E0827 13:44:32.428568 2333580 cuda_event.cc:50] Error destroying CUDA event: CUDA_ERROR_OUT_OF_MEMORY: out of memory
E0827 13:44:32.428570 2333580 cuda_event.cc:50] Error destroying CUDA event: CUDA_ERROR_OUT_OF_MEMORY: out of memory
E0827 13:44:32.428597 2333580 cuda_event.cc:50] Error destroying CUDA event: CUDA_ERROR_OUT_OF_MEMORY: out of memory
E0827 13:44:32.428602 2333580 cuda_event.cc:50] Error destroying CUDA event: CUDA_ERROR_OUT_OF_MEMORY: out of memory
E0827 13:44:32.428605 2333580 cuda_event.cc:50] Error destroying CUDA event: CUDA_ERROR_OUT_OF_MEMORY: out of memory
E0827 13:44:32.428607 2333580 cuda_event.cc:50] Error destroying CUDA event: CUDA_ERROR_OUT_OF_MEMORY: out of memory
E0827 13:44:32.428610 2333580 cuda_event.cc:50] Error destroying CUDA event: CUDA_ERROR_OUT_OF_MEMORY: out of memory
E0827 13:44:32.428613 2333580 cuda_event.cc:50] Error destroying CUDA event: CUDA_ERROR_OUT_OF_MEMORY: out of memory
E0827 13:44:32.428615 2333580 cuda_event.cc:50] Error destroying CUDA event: CUDA_ERROR_OUT_OF_MEMORY: out of memory
E0827 13:44:32.428617 2333580 cuda_event.cc:50] Error destroying CUDA event: CUDA_ERROR_OUT_OF_MEMORY: out of memory
E0827 13:44:32.428621 2333580 cuda_event.cc:50] Error destroying CUDA event: CUDA_ERROR_OUT_OF_MEMORY: out of memory
E0827 13:44:32.428624 2333580 cuda_event.cc:50] Error destroying CUDA event: CUDA_ERROR_OUT_OF_MEMORY: out of memory
E0827 13:44:32.428626 2333580 cuda_event.cc:50] Error destroying CUDA event: CUDA_ERROR_OUT_OF_MEMORY: out of memory
E0827 13:44:32.428628 2333580 cuda_event.cc:50] Error destroying CUDA event: CUDA_ERROR_OUT_OF_MEMORY: out of memory
E0827 13:44:32.428630 2333580 cuda_event.cc:50] Error destroying CUDA event: CUDA_ERROR_OUT_OF_MEMORY: out of memory
E0827 13:44:32.428632 2333580 cuda_event.cc:50] Error destroying CUDA event: CUDA_ERROR_OUT_OF_MEMORY: out of memory
E0827 13:44:32.428635 2333580 cuda_event.cc:50] Error destroying CUDA event: CUDA_ERROR_OUT_OF_MEMORY: out of memory
E0827 13:44:32.428637 2333580 cuda_event.cc:50] Error destroying CUDA event: CUDA_ERROR_OUT_OF_MEMORY: out of memory
E0827 13:44:32.428639 2333580 cuda_event.cc:50] Error destroying CUDA event: CUDA_ERROR_OUT_OF_MEMORY: out of memory
E0827 13:44:32.428642 2333580 cuda_event.cc:50] Error destroying CUDA event: CUDA_ERROR_OUT_OF_MEMORY: out of memory
E0827 13:44:32.428645 2333580 cuda_event.cc:50] Error destroying CUDA event: CUDA_ERROR_OUT_OF_MEMORY: out of memory
E0827 13:44:32.428648 2333580 cuda_event.cc:50] Error destroying CUDA event: CUDA_ERROR_OUT_OF_MEMORY: out of memory
E0827 13:44:32.428655 2333580 cuda_event.cc:50] Error destroying CUDA event: CUDA_ERROR_OUT_OF_MEMORY: out of memory
E0827 13:44:32.428663 2333580 cuda_event.cc:50] Error destroying CUDA event: CUDA_ERROR_OUT_OF_MEMORY: out of memory
E0827 13:44:32.428665 2333580 cuda_event.cc:50] Error destroying CUDA event: CUDA_ERROR_OUT_OF_MEMORY: out of memory
E0827 13:44:32.428676 2333580 cuda_event.cc:50] Error destroying CUDA event: CUDA_ERROR_OUT_OF_MEMORY: out of memory
E0827 13:44:32.428678 2333580 cuda_event.cc:50] Error destroying CUDA event: CUDA_ERROR_OUT_OF_MEMORY: out of memory
E0827 13:44:32.428680 2333580 cuda_event.cc:50] Error destroying CUDA event: CUDA_ERROR_OUT_OF_MEMORY: out of memory
E0827 13:44:32.428682 2333580 cuda_event.cc:50] Error destroying CUDA event: CUDA_ERROR_OUT_OF_MEMORY: out of memory
E0827 13:44:32.428687 2333580 cuda_event.cc:50] Error destroying CUDA event: CUDA_ERROR_OUT_OF_MEMORY: out of memory
E0827 13:44:32.428691 2333580 cuda_event.cc:50] Error destroying CUDA event: CUDA_ERROR_OUT_OF_MEMORY: out of memory
E0827 13:44:32.428694 2333580 cuda_event.cc:50] Error destroying CUDA event: CUDA_ERROR_OUT_OF_MEMORY: out of memory
E0827 13:44:32.428698 2333580 cuda_event.cc:50] Error destroying CUDA event: CUDA_ERROR_OUT_OF_MEMORY: out of memory
E0827 13:44:32.428701 2333580 cuda_event.cc:50] Error destroying CUDA event: CUDA_ERROR_OUT_OF_MEMORY: out of memory
E0827 13:44:32.428704 2333580 cuda_event.cc:50] Error destroying CUDA event: CUDA_ERROR_OUT_OF_MEMORY: out of memory
E0827 13:44:32.428726 2333580 cuda_event.cc:50] Error destroying CUDA event: CUDA_ERROR_OUT_OF_MEMORY: out of memory
E0827 13:44:32.428728 2333580 cuda_event.cc:50] Error destroying CUDA event: CUDA_ERROR_OUT_OF_MEMORY: out of memory
E0827 13:44:32.428730 2333580 cuda_event.cc:50] Error destroying CUDA event: CUDA_ERROR_OUT_OF_MEMORY: out of memory
E0827 13:44:32.428733 2333580 cuda_event.cc:50] Error destroying CUDA event: CUDA_ERROR_OUT_OF_MEMORY: out of memory
E0827 13:44:32.428735 2333580 cuda_event.cc:50] Error destroying CUDA event: CUDA_ERROR_OUT_OF_MEMORY: out of memory
E0827 13:44:32.428737 2333580 cuda_event.cc:50] Error destroying CUDA event: CUDA_ERROR_OUT_OF_MEMORY: out of memory
E0827 13:44:32.428744 2333580 cuda_event.cc:50] Error destroying CUDA event: CUDA_ERROR_OUT_OF_MEMORY: out of memory
E0827 13:44:32.428747 2333580 cuda_event.cc:50] Error destroying CUDA event: CUDA_ERROR_OUT_OF_MEMORY: out of memory
E0827 13:44:32.428749 2333580 cuda_event.cc:50] Error destroying CUDA event: CUDA_ERROR_OUT_OF_MEMORY: out of memory
E0827 13:44:32.428751 2333580 cuda_event.cc:50] Error destroying CUDA event: CUDA_ERROR_OUT_OF_MEMORY: out of memory
E0827 13:44:32.428753 2333580 cuda_event.cc:50] Error destroying CUDA event: CUDA_ERROR_OUT_OF_MEMORY: out of memory
E0827 13:44:32.428757 2333580 cuda_event.cc:50] Error destroying CUDA event: CUDA_ERROR_OUT_OF_MEMORY: out of memory
E0827 13:44:32.428759 2333580 cuda_event.cc:50] Error destroying CUDA event: CUDA_ERROR_OUT_OF_MEMORY: out of memory
E0827 13:44:32.428761 2333580 cuda_event.cc:50] Error destroying CUDA event: CUDA_ERROR_OUT_OF_MEMORY: out of memory
E0827 13:44:32.428763 2333580 cuda_event.cc:50] Error destroying CUDA event: CUDA_ERROR_OUT_OF_MEMORY: out of memory
E0827 13:44:32.428765 2333580 cuda_event.cc:50] Error destroying CUDA event: CUDA_ERROR_OUT_OF_MEMORY: out of memory
E0827 13:44:32.428767 2333580 cuda_event.cc:50] Error destroying CUDA event: CUDA_ERROR_OUT_OF_MEMORY: out of memory
E0827 13:44:32.428769 2333580 cuda_event.cc:50] Error destroying CUDA event: CUDA_ERROR_OUT_OF_MEMORY: out of memory
E0827 13:44:32.428771 2333580 cuda_event.cc:50] Error destroying CUDA event: CUDA_ERROR_OUT_OF_MEMORY: out of memory
E0827 13:44:32.428777 2333580 cuda_event.cc:50] Error destroying CUDA event: CUDA_ERROR_OUT_OF_MEMORY: out of memory
E0827 13:44:32.428779 2333580 cuda_event.cc:50] Error destroying CUDA event: CUDA_ERROR_OUT_OF_MEMORY: out of memory
E0827 13:44:32.428781 2333580 cuda_event.cc:50] Error destroying CUDA event: CUDA_ERROR_OUT_OF_MEMORY: out of memory
E0827 13:44:32.428783 2333580 cuda_event.cc:50] Error destroying CUDA event: CUDA_ERROR_OUT_OF_MEMORY: out of memory
E0827 13:44:32.428786 2333580 cuda_event.cc:50] Error destroying CUDA event: CUDA_ERROR_OUT_OF_MEMORY: out of memory
E0827 13:44:32.428793 2333580 cuda_event.cc:50] Error destroying CUDA event: CUDA_ERROR_OUT_OF_MEMORY: out of memory
E0827 13:44:32.428802 2333580 cuda_event.cc:50] Error destroying CUDA event: CUDA_ERROR_OUT_OF_MEMORY: out of memory
E0827 13:44:32.428804 2333580 cuda_event.cc:50] Error destroying CUDA event: CUDA_ERROR_OUT_OF_MEMORY: out of memory
E0827 13:44:32.428806 2333580 cuda_event.cc:50] Error destroying CUDA event: CUDA_ERROR_OUT_OF_MEMORY: out of memory
E0827 13:44:32.428809 2333580 cuda_event.cc:50] Error destroying CUDA event: CUDA_ERROR_OUT_OF_MEMORY: out of memory
E0827 13:44:32.428811 2333580 cuda_event.cc:50] Error destroying CUDA event: CUDA_ERROR_OUT_OF_MEMORY: out of memory
E0827 13:44:32.428824 2333580 cuda_event.cc:50] Error destroying CUDA event: CUDA_ERROR_OUT_OF_MEMORY: out of memory
E0827 13:44:32.428831 2333580 cuda_event.cc:50] Error destroying CUDA event: CUDA_ERROR_OUT_OF_MEMORY: out of memory
E0827 13:44:32.428833 2333580 cuda_event.cc:50] Error destroying CUDA event: CUDA_ERROR_OUT_OF_MEMORY: out of memory
E0827 13:44:32.428835 2333580 cuda_event.cc:50] Error destroying CUDA event: CUDA_ERROR_OUT_OF_MEMORY: out of memory
E0827 13:44:32.428837 2333580 cuda_event.cc:50] Error destroying CUDA event: CUDA_ERROR_OUT_OF_MEMORY: out of memory
E0827 13:44:32.428839 2333580 cuda_event.cc:50] Error destroying CUDA event: CUDA_ERROR_OUT_OF_MEMORY: out of memory
E0827 13:44:32.428848 2333580 cuda_event.cc:50] Error destroying CUDA event: CUDA_ERROR_OUT_OF_MEMORY: out of memory
E0827 13:44:32.428850 2333580 cuda_event.cc:50] Error destroying CUDA event: CUDA_ERROR_OUT_OF_MEMORY: out of memory
E0827 13:44:32.428853 2333580 cuda_event.cc:50] Error destroying CUDA event: CUDA_ERROR_OUT_OF_MEMORY: out of memory
E0827 13:44:32.428855 2333580 cuda_event.cc:50] Error destroying CUDA event: CUDA_ERROR_OUT_OF_MEMORY: out of memory
E0827 13:44:32.428857 2333580 cuda_event.cc:50] Error destroying CUDA event: CUDA_ERROR_OUT_OF_MEMORY: out of memory
E0827 13:44:32.428861 2333580 cuda_event.cc:50] Error destroying CUDA event: CUDA_ERROR_OUT_OF_MEMORY: out of memory
E0827 13:44:32.428863 2333580 cuda_event.cc:50] Error destroying CUDA event: CUDA_ERROR_OUT_OF_MEMORY: out of memory
E0827 13:44:32.428865 2333580 cuda_event.cc:50] Error destroying CUDA event: CUDA_ERROR_OUT_OF_MEMORY: out of memory
E0827 13:44:32.428868 2333580 cuda_event.cc:50] Error destroying CUDA event: CUDA_ERROR_OUT_OF_MEMORY: out of memory
E0827 13:44:32.428870 2333580 cuda_event.cc:50] Error destroying CUDA event: CUDA_ERROR_OUT_OF_MEMORY: out of memory
E0827 13:44:32.428872 2333580 cuda_event.cc:50] Error destroying CUDA event: CUDA_ERROR_OUT_OF_MEMORY: out of memory
E0827 13:44:32.428880 2333580 cuda_event.cc:50] Error destroying CUDA event: CUDA_ERROR_OUT_OF_MEMORY: out of memory
E0827 13:44:32.428882 2333580 cuda_event.cc:50] Error destroying CUDA event: CUDA_ERROR_OUT_OF_MEMORY: out of memory
E0827 13:44:32.428885 2333580 cuda_event.cc:50] Error destroying CUDA event: CUDA_ERROR_OUT_OF_MEMORY: out of memory
E0827 13:44:32.428887 2333580 cuda_event.cc:50] Error destroying CUDA event: CUDA_ERROR_OUT_OF_MEMORY: out of memory
E0827 13:44:32.428889 2333580 cuda_event.cc:50] Error destroying CUDA event: CUDA_ERROR_OUT_OF_MEMORY: out of memory
E0827 13:44:32.428891 2333580 cuda_event.cc:50] Error destroying CUDA event: CUDA_ERROR_OUT_OF_MEMORY: out of memory
E0827 13:44:32.428893 2333580 cuda_event.cc:50] Error destroying CUDA event: CUDA_ERROR_OUT_OF_MEMORY: out of memory
E0827 13:44:32.428895 2333580 cuda_event.cc:50] Error destroying CUDA event: CUDA_ERROR_OUT_OF_MEMORY: out of memory
E0827 13:44:32.428901 2333580 cuda_event.cc:50] Error destroying CUDA event: CUDA_ERROR_OUT_OF_MEMORY: out of memory
E0827 13:44:32.428904 2333580 cuda_event.cc:50] Error destroying CUDA event: CUDA_ERROR_OUT_OF_MEMORY: out of memory
E0827 13:44:32.428906 2333580 cuda_event.cc:50] Error destroying CUDA event: CUDA_ERROR_OUT_OF_MEMORY: out of memory
E0827 13:44:32.428909 2333580 cuda_event.cc:50] Error destroying CUDA event: CUDA_ERROR_OUT_OF_MEMORY: out of memory
E0827 13:44:32.428911 2333580 cuda_event.cc:50] Error destroying CUDA event: CUDA_ERROR_OUT_OF_MEMORY: out of memory
E0827 13:44:32.428913 2333580 cuda_event.cc:50] Error destroying CUDA event: CUDA_ERROR_OUT_OF_MEMORY: out of memory
E0827 13:44:32.428934 2333580 cuda_event.cc:50] Error destroying CUDA event: CUDA_ERROR_OUT_OF_MEMORY: out of memory
E0827 13:44:32.428936 2333580 cuda_event.cc:50] Error destroying CUDA event: CUDA_ERROR_OUT_OF_MEMORY: out of memory
E0827 13:44:32.428939 2333580 cuda_event.cc:50] Error destroying CUDA event: CUDA_ERROR_OUT_OF_MEMORY: out of memory
E0827 13:44:32.428941 2333580 cuda_event.cc:50] Error destroying CUDA event: CUDA_ERROR_OUT_OF_MEMORY: out of memory
E0827 13:44:32.428943 2333580 cuda_event.cc:50] Error destroying CUDA event: CUDA_ERROR_OUT_OF_MEMORY: out of memory
E0827 13:44:32.428948 2333580 cuda_event.cc:50] Error destroying CUDA event: CUDA_ERROR_OUT_OF_MEMORY: out of memory
E0827 13:44:32.428950 2333580 cuda_event.cc:50] Error destroying CUDA event: CUDA_ERROR_OUT_OF_MEMORY: out of memory
E0827 13:44:32.428952 2333580 cuda_event.cc:50] Error destroying CUDA event: CUDA_ERROR_OUT_OF_MEMORY: out of memory
E0827 13:44:32.428954 2333580 cuda_event.cc:50] Error destroying CUDA event: CUDA_ERROR_OUT_OF_MEMORY: out of memory
E0827 13:44:32.428957 2333580 cuda_event.cc:50] Error destroying CUDA event: CUDA_ERROR_OUT_OF_MEMORY: out of memory
E0827 13:44:32.428958 2333580 cuda_event.cc:50] Error destroying CUDA event: CUDA_ERROR_OUT_OF_MEMORY: out of memory
E0827 13:44:32.428960 2333580 cuda_event.cc:50] Error destroying CUDA event: CUDA_ERROR_OUT_OF_MEMORY: out of memory
E0827 13:44:32.428962 2333580 cuda_event.cc:50] Error destroying CUDA event: CUDA_ERROR_OUT_OF_MEMORY: out of memory
E0827 13:44:32.428964 2333580 cuda_event.cc:50] Error destroying CUDA event: CUDA_ERROR_OUT_OF_MEMORY: out of memory
E0827 13:44:32.428966 2333580 cuda_event.cc:50] Error destroying CUDA event: CUDA_ERROR_OUT_OF_MEMORY: out of memory
E0827 13:44:32.428969 2333580 cuda_event.cc:50] Error destroying CUDA event: CUDA_ERROR_OUT_OF_MEMORY: out of memory
E0827 13:44:32.428971 2333580 cuda_event.cc:50] Error destroying CUDA event: CUDA_ERROR_OUT_OF_MEMORY: out of memory
E0827 13:44:32.428973 2333580 cuda_event.cc:50] Error destroying CUDA event: CUDA_ERROR_OUT_OF_MEMORY: out of memory
E0827 13:44:32.428975 2333580 cuda_event.cc:50] Error destroying CUDA event: CUDA_ERROR_OUT_OF_MEMORY: out of memory
E0827 13:44:32.428979 2333580 cuda_event.cc:50] Error destroying CUDA event: CUDA_ERROR_OUT_OF_MEMORY: out of memory
E0827 13:44:32.428981 2333580 cuda_event.cc:50] Error destroying CUDA event: CUDA_ERROR_OUT_OF_MEMORY: out of memory
E0827 13:44:32.428984 2333580 cuda_event.cc:50] Error destroying CUDA event: CUDA_ERROR_OUT_OF_MEMORY: out of memory
E0827 13:44:32.428986 2333580 cuda_event.cc:50] Error destroying CUDA event: CUDA_ERROR_OUT_OF_MEMORY: out of memory
E0827 13:44:32.428990 2333580 cuda_event.cc:50] Error destroying CUDA event: CUDA_ERROR_OUT_OF_MEMORY: out of memory
E0827 13:44:32.428993 2333580 cuda_event.cc:50] Error destroying CUDA event: CUDA_ERROR_OUT_OF_MEMORY: out of memory
E0827 13:44:32.429000 2333580 cuda_event.cc:50] Error destroying CUDA event: CUDA_ERROR_OUT_OF_MEMORY: out of memory
E0827 13:44:32.429004 2333580 cuda_event.cc:50] Error destroying CUDA event: CUDA_ERROR_OUT_OF_MEMORY: out of memory
E0827 13:44:32.429006 2333580 cuda_event.cc:50] Error destroying CUDA event: CUDA_ERROR_OUT_OF_MEMORY: out of memory
E0827 13:44:32.429008 2333580 cuda_event.cc:50] Error destroying CUDA event: CUDA_ERROR_OUT_OF_MEMORY: out of memory
E0827 13:44:32.429010 2333580 cuda_event.cc:50] Error destroying CUDA event: CUDA_ERROR_OUT_OF_MEMORY: out of memory
E0827 13:44:32.429012 2333580 cuda_event.cc:50] Error destroying CUDA event: CUDA_ERROR_OUT_OF_MEMORY: out of memory
E0827 13:44:32.429015 2333580 cuda_event.cc:50] Error destroying CUDA event: CUDA_ERROR_OUT_OF_MEMORY: out of memory
E0827 13:44:32.429017 2333580 cuda_event.cc:50] Error destroying CUDA event: CUDA_ERROR_OUT_OF_MEMORY: out of memory
E0827 13:44:32.429020 2333580 cuda_event.cc:50] Error destroying CUDA event: CUDA_ERROR_OUT_OF_MEMORY: out of memory
E0827 13:44:32.429022 2333580 cuda_event.cc:50] Error destroying CUDA event: CUDA_ERROR_OUT_OF_MEMORY: out of memory
E0827 13:44:32.429025 2333580 cuda_event.cc:50] Error destroying CUDA event: CUDA_ERROR_OUT_OF_MEMORY: out of memory
E0827 13:44:32.429027 2333580 cuda_event.cc:50] Error destroying CUDA event: CUDA_ERROR_OUT_OF_MEMORY: out of memory
E0827 13:44:32.429030 2333580 cuda_event.cc:50] Error destroying CUDA event: CUDA_ERROR_OUT_OF_MEMORY: out of memory
E0827 13:44:32.429033 2333580 cuda_event.cc:50] Error destroying CUDA event: CUDA_ERROR_OUT_OF_MEMORY: out of memory
E0827 13:44:32.429034 2333580 cuda_event.cc:50] Error destroying CUDA event: CUDA_ERROR_OUT_OF_MEMORY: out of memory
E0827 13:44:32.429038 2333580 cuda_event.cc:50] Error destroying CUDA event: CUDA_ERROR_OUT_OF_MEMORY: out of memory
E0827 13:44:32.429040 2333580 cuda_event.cc:50] Error destroying CUDA event: CUDA_ERROR_OUT_OF_MEMORY: out of memory
E0827 13:44:32.429042 2333580 cuda_event.cc:50] Error destroying CUDA event: CUDA_ERROR_OUT_OF_MEMORY: out of memory
E0827 13:44:32.429045 2333580 cuda_event.cc:50] Error destroying CUDA event: CUDA_ERROR_OUT_OF_MEMORY: out of memory
E0827 13:44:32.429046 2333580 cuda_event.cc:50] Error destroying CUDA event: CUDA_ERROR_OUT_OF_MEMORY: out of memory
E0827 13:44:32.429048 2333580 cuda_event.cc:50] Error destroying CUDA event: CUDA_ERROR_OUT_OF_MEMORY: out of memory
E0827 13:44:32.429051 2333580 cuda_event.cc:50] Error destroying CUDA event: CUDA_ERROR_OUT_OF_MEMORY: out of memory
E0827 13:44:32.429053 2333580 cuda_event.cc:50] Error destroying CUDA event: CUDA_ERROR_OUT_OF_MEMORY: out of memory
E0827 13:44:32.429055 2333580 cuda_event.cc:50] Error destroying CUDA event: CUDA_ERROR_OUT_OF_MEMORY: out of memory
E0827 13:44:32.429057 2333580 cuda_event.cc:50] Error destroying CUDA event: CUDA_ERROR_OUT_OF_MEMORY: out of memory
E0827 13:44:32.429059 2333580 cuda_event.cc:50] Error destroying CUDA event: CUDA_ERROR_OUT_OF_MEMORY: out of memory
E0827 13:44:32.429061 2333580 cuda_event.cc:50] Error destroying CUDA event: CUDA_ERROR_OUT_OF_MEMORY: out of memory
E0827 13:44:32.429064 2333580 cuda_event.cc:50] Error destroying CUDA event: CUDA_ERROR_OUT_OF_MEMORY: out of memory
E0827 13:44:32.429066 2333580 cuda_event.cc:50] Error destroying CUDA event: CUDA_ERROR_OUT_OF_MEMORY: out of memory
E0827 13:44:32.429068 2333580 cuda_event.cc:50] Error destroying CUDA event: CUDA_ERROR_OUT_OF_MEMORY: out of memory
E0827 13:44:32.429071 2333580 cuda_event.cc:50] Error destroying CUDA event: CUDA_ERROR_OUT_OF_MEMORY: out of memory
E0827 13:44:32.429073 2333580 cuda_event.cc:50] Error destroying CUDA event: CUDA_ERROR_OUT_OF_MEMORY: out of memory
E0827 13:44:32.429078 2333580 cuda_event.cc:50] Error destroying CUDA event: CUDA_ERROR_OUT_OF_MEMORY: out of memory
E0827 13:44:32.429081 2333580 cuda_event.cc:50] Error destroying CUDA event: CUDA_ERROR_OUT_OF_MEMORY: out of memory
E0827 13:44:32.429083 2333580 cuda_event.cc:50] Error destroying CUDA event: CUDA_ERROR_OUT_OF_MEMORY: out of memory
E0827 13:44:32.429088 2333580 cuda_event.cc:50] Error destroying CUDA event: CUDA_ERROR_OUT_OF_MEMORY: out of memory
E0827 13:44:32.429091 2333580 cuda_event.cc:50] Error destroying CUDA event: CUDA_ERROR_OUT_OF_MEMORY: out of memory
E0827 13:44:32.429093 2333580 cuda_event.cc:50] Error destroying CUDA event: CUDA_ERROR_OUT_OF_MEMORY: out of memory
E0827 13:44:32.429099 2333580 cuda_event.cc:50] Error destroying CUDA event: CUDA_ERROR_OUT_OF_MEMORY: out of memory
E0827 13:44:32.429102 2333580 cuda_event.cc:50] Error destroying CUDA event: CUDA_ERROR_OUT_OF_MEMORY: out of memory
E0827 13:44:32.429104 2333580 cuda_event.cc:50] Error destroying CUDA event: CUDA_ERROR_OUT_OF_MEMORY: out of memory
E0827 13:44:32.429108 2333580 cuda_event.cc:50] Error destroying CUDA event: CUDA_ERROR_OUT_OF_MEMORY: out of memory
E0827 13:44:32.429110 2333580 cuda_event.cc:50] Error destroying CUDA event: CUDA_ERROR_OUT_OF_MEMORY: out of memory
E0827 13:44:32.429112 2333580 cuda_event.cc:50] Error destroying CUDA event: CUDA_ERROR_OUT_OF_MEMORY: out of memory
E0827 13:44:32.429114 2333580 cuda_event.cc:50] Error destroying CUDA event: CUDA_ERROR_OUT_OF_MEMORY: out of memory
E0827 13:44:32.429117 2333580 cuda_event.cc:50] Error destroying CUDA event: CUDA_ERROR_OUT_OF_MEMORY: out of memory
E0827 13:44:32.429120 2333580 cuda_event.cc:50] Error destroying CUDA event: CUDA_ERROR_OUT_OF_MEMORY: out of memory
E0827 13:44:32.429122 2333580 cuda_event.cc:50] Error destroying CUDA event: CUDA_ERROR_OUT_OF_MEMORY: out of memory
E0827 13:44:32.429124 2333580 cuda_event.cc:50] Error destroying CUDA event: CUDA_ERROR_OUT_OF_MEMORY: out of memory
E0827 13:44:32.429135 2333580 cuda_event.cc:50] Error destroying CUDA event: CUDA_ERROR_OUT_OF_MEMORY: out of memory
E0827 13:44:32.429138 2333580 cuda_event.cc:50] Error destroying CUDA event: CUDA_ERROR_OUT_OF_MEMORY: out of memory
E0827 13:44:32.429140 2333580 cuda_event.cc:50] Error destroying CUDA event: CUDA_ERROR_OUT_OF_MEMORY: out of memory
E0827 13:44:32.429142 2333580 cuda_event.cc:50] Error destroying CUDA event: CUDA_ERROR_OUT_OF_MEMORY: out of memory
E0827 13:44:32.429144 2333580 cuda_event.cc:50] Error destroying CUDA event: CUDA_ERROR_OUT_OF_MEMORY: out of memory
E0827 13:44:32.429146 2333580 cuda_event.cc:50] Error destroying CUDA event: CUDA_ERROR_OUT_OF_MEMORY: out of memory
E0827 13:44:32.429149 2333580 cuda_event.cc:50] Error destroying CUDA event: CUDA_ERROR_OUT_OF_MEMORY: out of memory
E0827 13:44:32.429151 2333580 cuda_event.cc:50] Error destroying CUDA event: CUDA_ERROR_OUT_OF_MEMORY: out of memory
E0827 13:44:32.429154 2333580 cuda_event.cc:50] Error destroying CUDA event: CUDA_ERROR_OUT_OF_MEMORY: out of memory
E0827 13:44:32.429157 2333580 cuda_event.cc:50] Error destroying CUDA event: CUDA_ERROR_OUT_OF_MEMORY: out of memory
E0827 13:44:32.429159 2333580 cuda_event.cc:50] Error destroying CUDA event: CUDA_ERROR_OUT_OF_MEMORY: out of memory
E0827 13:44:32.429161 2333580 cuda_event.cc:50] Error destroying CUDA event: CUDA_ERROR_OUT_OF_MEMORY: out of memory
E0827 13:44:32.429164 2333580 cuda_event.cc:50] Error destroying CUDA event: CUDA_ERROR_OUT_OF_MEMORY: out of memory
E0827 13:44:32.429166 2333580 cuda_event.cc:50] Error destroying CUDA event: CUDA_ERROR_OUT_OF_MEMORY: out of memory
E0827 13:44:32.429169 2333580 cuda_event.cc:50] Error destroying CUDA event: CUDA_ERROR_OUT_OF_MEMORY: out of memory
E0827 13:44:32.429170 2333580 cuda_event.cc:50] Error destroying CUDA event: CUDA_ERROR_OUT_OF_MEMORY: out of memory
E0827 13:44:32.429173 2333580 cuda_event.cc:50] Error destroying CUDA event: CUDA_ERROR_OUT_OF_MEMORY: out of memory
E0827 13:44:32.429175 2333580 cuda_event.cc:50] Error destroying CUDA event: CUDA_ERROR_OUT_OF_MEMORY: out of memory
E0827 13:44:32.429177 2333580 cuda_event.cc:50] Error destroying CUDA event: CUDA_ERROR_OUT_OF_MEMORY: out of memory
E0827 13:44:32.429180 2333580 cuda_event.cc:50] Error destroying CUDA event: CUDA_ERROR_OUT_OF_MEMORY: out of memory
E0827 13:44:32.429182 2333580 cuda_event.cc:50] Error destroying CUDA event: CUDA_ERROR_OUT_OF_MEMORY: out of memory
E0827 13:44:32.429184 2333580 cuda_event.cc:50] Error destroying CUDA event: CUDA_ERROR_OUT_OF_MEMORY: out of memory
E0827 13:44:32.429187 2333580 cuda_event.cc:50] Error destroying CUDA event: CUDA_ERROR_OUT_OF_MEMORY: out of memory
E0827 13:44:32.429191 2333580 cuda_event.cc:50] Error destroying CUDA event: CUDA_ERROR_OUT_OF_MEMORY: out of memory
E0827 13:44:32.429193 2333580 cuda_event.cc:50] Error destroying CUDA event: CUDA_ERROR_OUT_OF_MEMORY: out of memory
E0827 13:44:32.429195 2333580 cuda_event.cc:50] Error destroying CUDA event: CUDA_ERROR_OUT_OF_MEMORY: out of memory
E0827 13:44:32.429202 2333580 cuda_event.cc:50] Error destroying CUDA event: CUDA_ERROR_OUT_OF_MEMORY: out of memory
E0827 13:44:32.429204 2333580 cuda_event.cc:50] Error destroying CUDA event: CUDA_ERROR_OUT_OF_MEMORY: out of memory
E0827 13:44:32.429206 2333580 cuda_event.cc:50] Error destroying CUDA event: CUDA_ERROR_OUT_OF_MEMORY: out of memory
E0827 13:44:32.429208 2333580 cuda_event.cc:50] Error destroying CUDA event: CUDA_ERROR_OUT_OF_MEMORY: out of memory
E0827 13:44:32.429210 2333580 cuda_event.cc:50] Error destroying CUDA event: CUDA_ERROR_OUT_OF_MEMORY: out of memory
E0827 13:44:32.429212 2333580 cuda_event.cc:50] Error destroying CUDA event: CUDA_ERROR_OUT_OF_MEMORY: out of memory
E0827 13:44:32.429213 2333580 cuda_event.cc:50] Error destroying CUDA event: CUDA_ERROR_OUT_OF_MEMORY: out of memory
E0827 13:44:32.429216 2333580 cuda_event.cc:50] Error destroying CUDA event: CUDA_ERROR_OUT_OF_MEMORY: out of memory
E0827 13:44:32.429218 2333580 cuda_event.cc:50] Error destroying CUDA event: CUDA_ERROR_OUT_OF_MEMORY: out of memory
E0827 13:44:32.429220 2333580 cuda_event.cc:50] Error destroying CUDA event: CUDA_ERROR_OUT_OF_MEMORY: out of memory
E0827 13:44:32.429223 2333580 cuda_event.cc:50] Error destroying CUDA event: CUDA_ERROR_OUT_OF_MEMORY: out of memory
E0827 13:44:32.429225 2333580 cuda_event.cc:50] Error destroying CUDA event: CUDA_ERROR_OUT_OF_MEMORY: out of memory
E0827 13:44:32.429231 2333580 cuda_event.cc:50] Error destroying CUDA event: CUDA_ERROR_OUT_OF_MEMORY: out of memory
E0827 13:44:32.429233 2333580 cuda_event.cc:50] Error destroying CUDA event: CUDA_ERROR_OUT_OF_MEMORY: out of memory
E0827 13:44:32.429235 2333580 cuda_event.cc:50] Error destroying CUDA event: CUDA_ERROR_OUT_OF_MEMORY: out of memory
E0827 13:44:32.429238 2333580 cuda_event.cc:50] Error destroying CUDA event: CUDA_ERROR_OUT_OF_MEMORY: out of memory
E0827 13:44:32.429241 2333580 cuda_event.cc:50] Error destroying CUDA event: CUDA_ERROR_OUT_OF_MEMORY: out of memory
E0827 13:44:32.429244 2333580 cuda_event.cc:50] Error destroying CUDA event: CUDA_ERROR_OUT_OF_MEMORY: out of memory
E0827 13:44:32.429246 2333580 cuda_event.cc:50] Error destroying CUDA event: CUDA_ERROR_OUT_OF_MEMORY: out of memory
E0827 13:44:32.429249 2333580 cuda_event.cc:50] Error destroying CUDA event: CUDA_ERROR_OUT_OF_MEMORY: out of memory
E0827 13:44:32.429251 2333580 cuda_event.cc:50] Error destroying CUDA event: CUDA_ERROR_OUT_OF_MEMORY: out of memory
E0827 13:44:32.429254 2333580 cuda_event.cc:50] Error destroying CUDA event: CUDA_ERROR_OUT_OF_MEMORY: out of memory
E0827 13:44:32.429257 2333580 cuda_event.cc:50] Error destroying CUDA event: CUDA_ERROR_OUT_OF_MEMORY: out of memory
E0827 13:44:32.429259 2333580 cuda_event.cc:50] Error destroying CUDA event: CUDA_ERROR_OUT_OF_MEMORY: out of memory
E0827 13:44:32.429263 2333580 cuda_event.cc:50] Error destroying CUDA event: CUDA_ERROR_OUT_OF_MEMORY: out of memory
E0827 13:44:32.429265 2333580 cuda_event.cc:50] Error destroying CUDA event: CUDA_ERROR_OUT_OF_MEMORY: out of memory
E0827 13:44:32.429271 2333580 cuda_event.cc:50] Error destroying CUDA event: CUDA_ERROR_OUT_OF_MEMORY: out of memory
E0827 13:44:32.429273 2333580 cuda_event.cc:50] Error destroying CUDA event: CUDA_ERROR_OUT_OF_MEMORY: out of memory
E0827 13:44:32.429275 2333580 cuda_event.cc:50] Error destroying CUDA event: CUDA_ERROR_OUT_OF_MEMORY: out of memory
E0827 13:44:32.429277 2333580 cuda_event.cc:50] Error destroying CUDA event: CUDA_ERROR_OUT_OF_MEMORY: out of memory
E0827 13:44:32.429279 2333580 cuda_event.cc:50] Error destroying CUDA event: CUDA_ERROR_OUT_OF_MEMORY: out of memory
E0827 13:44:32.429281 2333580 cuda_event.cc:50] Error destroying CUDA event: CUDA_ERROR_OUT_OF_MEMORY: out of memory
E0827 13:44:32.429283 2333580 cuda_event.cc:50] Error destroying CUDA event: CUDA_ERROR_OUT_OF_MEMORY: out of memory
E0827 13:44:32.429285 2333580 cuda_event.cc:50] Error destroying CUDA event: CUDA_ERROR_OUT_OF_MEMORY: out of memory
E0827 13:44:32.429287 2333580 cuda_event.cc:50] Error destroying CUDA event: CUDA_ERROR_OUT_OF_MEMORY: out of memory
E0827 13:44:32.429290 2333580 cuda_event.cc:50] Error destroying CUDA event: CUDA_ERROR_OUT_OF_MEMORY: out of memory
E0827 13:44:32.429292 2333580 cuda_event.cc:50] Error destroying CUDA event: CUDA_ERROR_OUT_OF_MEMORY: out of memory
E0827 13:44:32.429294 2333580 cuda_event.cc:50] Error destroying CUDA event: CUDA_ERROR_OUT_OF_MEMORY: out of memory
E0827 13:44:32.429296 2333580 cuda_event.cc:50] Error destroying CUDA event: CUDA_ERROR_OUT_OF_MEMORY: out of memory
E0827 13:44:32.429298 2333580 cuda_event.cc:50] Error destroying CUDA event: CUDA_ERROR_OUT_OF_MEMORY: out of memory
E0827 13:44:32.429300 2333580 cuda_event.cc:50] Error destroying CUDA event: CUDA_ERROR_OUT_OF_MEMORY: out of memory
E0827 13:44:32.429302 2333580 cuda_event.cc:50] Error destroying CUDA event: CUDA_ERROR_OUT_OF_MEMORY: out of memory
E0827 13:44:32.429304 2333580 cuda_event.cc:50] Error destroying CUDA event: CUDA_ERROR_OUT_OF_MEMORY: out of memory
E0827 13:44:32.429325 2333580 cuda_event.cc:50] Error destroying CUDA event: CUDA_ERROR_OUT_OF_MEMORY: out of memory
E0827 13:44:32.429327 2333580 cuda_event.cc:50] Error destroying CUDA event: CUDA_ERROR_OUT_OF_MEMORY: out of memory
E0827 13:44:32.429455 2333580 cuda_event.cc:50] Error destroying CUDA event: CUDA_ERROR_OUT_OF_MEMORY: out of memory
E0827 13:44:32.429463 2333580 cuda_event.cc:50] Error destroying CUDA event: CUDA_ERROR_OUT_OF_MEMORY: out of memory
E0827 13:44:32.429466 2333580 cuda_event.cc:50] Error destroying CUDA event: CUDA_ERROR_OUT_OF_MEMORY: out of memory
E0827 13:44:32.429469 2333580 cuda_event.cc:50] Error destroying CUDA event: CUDA_ERROR_OUT_OF_MEMORY: out of memory
E0827 13:44:32.429472 2333580 cuda_event.cc:50] Error destroying CUDA event: CUDA_ERROR_OUT_OF_MEMORY: out of memory
E0827 13:44:32.429475 2333580 cuda_event.cc:50] Error destroying CUDA event: CUDA_ERROR_OUT_OF_MEMORY: out of memory
E0827 13:44:32.429481 2333580 cuda_event.cc:50] Error destroying CUDA event: CUDA_ERROR_OUT_OF_MEMORY: out of memory
E0827 13:44:32.429483 2333580 cuda_event.cc:50] Error destroying CUDA event: CUDA_ERROR_OUT_OF_MEMORY: out of memory
E0827 13:44:32.429486 2333580 cuda_event.cc:50] Error destroying CUDA event: CUDA_ERROR_OUT_OF_MEMORY: out of memory
E0827 13:44:32.429488 2333580 cuda_event.cc:50] Error destroying CUDA event: CUDA_ERROR_OUT_OF_MEMORY: out of memory
E0827 13:44:32.429494 2333580 cuda_event.cc:50] Error destroying CUDA event: CUDA_ERROR_OUT_OF_MEMORY: out of memory
E0827 13:44:32.429496 2333580 cuda_event.cc:50] Error destroying CUDA event: CUDA_ERROR_OUT_OF_MEMORY: out of memory
E0827 13:44:32.429498 2333580 cuda_event.cc:50] Error destroying CUDA event: CUDA_ERROR_OUT_OF_MEMORY: out of memory
E0827 13:44:32.429500 2333580 cuda_event.cc:50] Error destroying CUDA event: CUDA_ERROR_OUT_OF_MEMORY: out of memory
E0827 13:44:32.429503 2333580 cuda_event.cc:50] Error destroying CUDA event: CUDA_ERROR_OUT_OF_MEMORY: out of memory
E0827 13:44:32.429505 2333580 cuda_event.cc:50] Error destroying CUDA event: CUDA_ERROR_OUT_OF_MEMORY: out of memory
E0827 13:44:32.429507 2333580 cuda_event.cc:50] Error destroying CUDA event: CUDA_ERROR_OUT_OF_MEMORY: out of memory
E0827 13:44:32.429509 2333580 cuda_event.cc:50] Error destroying CUDA event: CUDA_ERROR_OUT_OF_MEMORY: out of memory
E0827 13:44:32.429513 2333580 cuda_event.cc:50] Error destroying CUDA event: CUDA_ERROR_OUT_OF_MEMORY: out of memory
E0827 13:44:32.429515 2333580 cuda_event.cc:50] Error destroying CUDA event: CUDA_ERROR_OUT_OF_MEMORY: out of memory
E0827 13:44:32.429521 2333580 cuda_event.cc:50] Error destroying CUDA event: CUDA_ERROR_OUT_OF_MEMORY: out of memory
E0827 13:44:32.429523 2333580 cuda_event.cc:50] Error destroying CUDA event: CUDA_ERROR_OUT_OF_MEMORY: out of memory
E0827 13:44:32.429526 2333580 cuda_event.cc:50] Error destroying CUDA event: CUDA_ERROR_OUT_OF_MEMORY: out of memory
E0827 13:44:32.429528 2333580 cuda_event.cc:50] Error destroying CUDA event: CUDA_ERROR_OUT_OF_MEMORY: out of memory
E0827 13:44:32.429537 2333580 cuda_event.cc:50] Error destroying CUDA event: CUDA_ERROR_OUT_OF_MEMORY: out of memory
E0827 13:44:32.429539 2333580 cuda_event.cc:50] Error destroying CUDA event: CUDA_ERROR_OUT_OF_MEMORY: out of memory
E0827 13:44:32.429541 2333580 cuda_event.cc:50] Error destroying CUDA event: CUDA_ERROR_OUT_OF_MEMORY: out of memory
E0827 13:44:32.429544 2333580 cuda_event.cc:50] Error destroying CUDA event: CUDA_ERROR_OUT_OF_MEMORY: out of memory
E0827 13:44:32.429548 2333580 cuda_event.cc:50] Error destroying CUDA event: CUDA_ERROR_OUT_OF_MEMORY: out of memory
E0827 13:44:32.429550 2333580 cuda_event.cc:50] Error destroying CUDA event: CUDA_ERROR_OUT_OF_MEMORY: out of memory
E0827 13:44:32.429553 2333580 cuda_event.cc:50] Error destroying CUDA event: CUDA_ERROR_OUT_OF_MEMORY: out of memory
E0827 13:44:32.429558 2333580 cuda_event.cc:50] Error destroying CUDA event: CUDA_ERROR_OUT_OF_MEMORY: out of memory
E0827 13:44:32.429560 2333580 cuda_event.cc:50] Error destroying CUDA event: CUDA_ERROR_OUT_OF_MEMORY: out of memory
E0827 13:44:32.429563 2333580 cuda_event.cc:50] Error destroying CUDA event: CUDA_ERROR_OUT_OF_MEMORY: out of memory
E0827 13:44:32.429565 2333580 cuda_event.cc:50] Error destroying CUDA event: CUDA_ERROR_OUT_OF_MEMORY: out of memory
E0827 13:44:32.429569 2333580 cuda_event.cc:50] Error destroying CUDA event: CUDA_ERROR_OUT_OF_MEMORY: out of memory
E0827 13:44:32.429572 2333580 cuda_event.cc:50] Error destroying CUDA event: CUDA_ERROR_OUT_OF_MEMORY: out of memory
E0827 13:44:32.429574 2333580 cuda_event.cc:50] Error destroying CUDA event: CUDA_ERROR_OUT_OF_MEMORY: out of memory
E0827 13:44:32.429576 2333580 cuda_event.cc:50] Error destroying CUDA event: CUDA_ERROR_OUT_OF_MEMORY: out of memory
E0827 13:44:32.429579 2333580 cuda_event.cc:50] Error destroying CUDA event: CUDA_ERROR_OUT_OF_MEMORY: out of memory
E0827 13:44:32.429581 2333580 cuda_event.cc:50] Error destroying CUDA event: CUDA_ERROR_OUT_OF_MEMORY: out of memory
E0827 13:44:32.429583 2333580 cuda_event.cc:50] Error destroying CUDA event: CUDA_ERROR_OUT_OF_MEMORY: out of memory
E0827 13:44:32.429586 2333580 cuda_event.cc:50] Error destroying CUDA event: CUDA_ERROR_OUT_OF_MEMORY: out of memory
E0827 13:44:32.429588 2333580 cuda_event.cc:50] Error destroying CUDA event: CUDA_ERROR_OUT_OF_MEMORY: out of memory
E0827 13:44:32.429603 2333580 cuda_event.cc:50] Error destroying CUDA event: CUDA_ERROR_OUT_OF_MEMORY: out of memory
E0827 13:44:32.429609 2333580 cuda_event.cc:50] Error destroying CUDA event: CUDA_ERROR_OUT_OF_MEMORY: out of memory
E0827 13:44:32.429611 2333580 cuda_event.cc:50] Error destroying CUDA event: CUDA_ERROR_OUT_OF_MEMORY: out of memory
E0827 13:44:32.429621 2333580 cuda_event.cc:50] Error destroying CUDA event: CUDA_ERROR_OUT_OF_MEMORY: out of memory
E0827 13:44:32.429623 2333580 cuda_event.cc:50] Error destroying CUDA event: CUDA_ERROR_OUT_OF_MEMORY: out of memory
E0827 13:44:32.429626 2333580 cuda_event.cc:50] Error destroying CUDA event: CUDA_ERROR_OUT_OF_MEMORY: out of memory
E0827 13:44:32.429629 2333580 cuda_event.cc:50] Error destroying CUDA event: CUDA_ERROR_OUT_OF_MEMORY: out of memory
E0827 13:44:32.429632 2333580 cuda_event.cc:50] Error destroying CUDA event: CUDA_ERROR_OUT_OF_MEMORY: out of memory
E0827 13:44:32.429634 2333580 cuda_event.cc:50] Error destroying CUDA event: CUDA_ERROR_OUT_OF_MEMORY: out of memory
E0827 13:44:32.429637 2333580 cuda_event.cc:50] Error destroying CUDA event: CUDA_ERROR_OUT_OF_MEMORY: out of memory
E0827 13:44:32.429639 2333580 cuda_event.cc:50] Error destroying CUDA event: CUDA_ERROR_OUT_OF_MEMORY: out of memory
E0827 13:44:32.429642 2333580 cuda_event.cc:50] Error destroying CUDA event: CUDA_ERROR_OUT_OF_MEMORY: out of memory
E0827 13:44:32.429644 2333580 cuda_event.cc:50] Error destroying CUDA event: CUDA_ERROR_OUT_OF_MEMORY: out of memory
E0827 13:44:32.429646 2333580 cuda_event.cc:50] Error destroying CUDA event: CUDA_ERROR_OUT_OF_MEMORY: out of memory
E0827 13:44:32.429648 2333580 cuda_event.cc:50] Error destroying CUDA event: CUDA_ERROR_OUT_OF_MEMORY: out of memory
E0827 13:44:32.429650 2333580 cuda_event.cc:50] Error destroying CUDA event: CUDA_ERROR_OUT_OF_MEMORY: out of memory
E0827 13:44:32.429654 2333580 cuda_event.cc:50] Error destroying CUDA event: CUDA_ERROR_OUT_OF_MEMORY: out of memory
E0827 13:44:32.429656 2333580 cuda_event.cc:50] Error destroying CUDA event: CUDA_ERROR_OUT_OF_MEMORY: out of memory
E0827 13:44:32.429669 2333580 cuda_event.cc:50] Error destroying CUDA event: CUDA_ERROR_OUT_OF_MEMORY: out of memory
E0827 13:44:32.429671 2333580 cuda_event.cc:50] Error destroying CUDA event: CUDA_ERROR_OUT_OF_MEMORY: out of memory
E0827 13:44:32.429673 2333580 cuda_event.cc:50] Error destroying CUDA event: CUDA_ERROR_OUT_OF_MEMORY: out of memory
E0827 13:44:32.429675 2333580 cuda_event.cc:50] Error destroying CUDA event: CUDA_ERROR_OUT_OF_MEMORY: out of memory
E0827 13:44:32.429680 2333580 cuda_event.cc:50] Error destroying CUDA event: CUDA_ERROR_OUT_OF_MEMORY: out of memory
E0827 13:44:32.429682 2333580 cuda_event.cc:50] Error destroying CUDA event: CUDA_ERROR_OUT_OF_MEMORY: out of memory
E0827 13:44:32.429684 2333580 cuda_event.cc:50] Error destroying CUDA event: CUDA_ERROR_OUT_OF_MEMORY: out of memory
E0827 13:44:32.429687 2333580 cuda_event.cc:50] Error destroying CUDA event: CUDA_ERROR_OUT_OF_MEMORY: out of memory
E0827 13:44:32.429690 2333580 cuda_event.cc:50] Error destroying CUDA event: CUDA_ERROR_OUT_OF_MEMORY: out of memory
E0827 13:44:32.429697 2333580 cuda_event.cc:50] Error destroying CUDA event: CUDA_ERROR_OUT_OF_MEMORY: out of memory
E0827 13:44:32.429699 2333580 cuda_event.cc:50] Error destroying CUDA event: CUDA_ERROR_OUT_OF_MEMORY: out of memory
E0827 13:44:32.429702 2333580 cuda_event.cc:50] Error destroying CUDA event: CUDA_ERROR_OUT_OF_MEMORY: out of memory
E0827 13:44:32.429704 2333580 cuda_event.cc:50] Error destroying CUDA event: CUDA_ERROR_OUT_OF_MEMORY: out of memory
E0827 13:44:32.429706 2333580 cuda_event.cc:50] Error destroying CUDA event: CUDA_ERROR_OUT_OF_MEMORY: out of memory
E0827 13:44:32.429708 2333580 cuda_event.cc:50] Error destroying CUDA event: CUDA_ERROR_OUT_OF_MEMORY: out of memory
E0827 13:44:32.429713 2333580 cuda_event.cc:50] Error destroying CUDA event: CUDA_ERROR_OUT_OF_MEMORY: out of memory
E0827 13:44:32.429716 2333580 cuda_event.cc:50] Error destroying CUDA event: CUDA_ERROR_OUT_OF_MEMORY: out of memory
E0827 13:44:32.429726 2333580 cuda_event.cc:50] Error destroying CUDA event: CUDA_ERROR_OUT_OF_MEMORY: out of memory
E0827 13:44:32.429727 2333580 cuda_event.cc:50] Error destroying CUDA event: CUDA_ERROR_OUT_OF_MEMORY: out of memory
E0827 13:44:32.429754 2333580 cuda_event.cc:50] Error destroying CUDA event: CUDA_ERROR_OUT_OF_MEMORY: out of memory
E0827 13:44:32.429757 2333580 cuda_event.cc:50] Error destroying CUDA event: CUDA_ERROR_OUT_OF_MEMORY: out of memory
E0827 13:44:32.429760 2333580 cuda_event.cc:50] Error destroying CUDA event: CUDA_ERROR_OUT_OF_MEMORY: out of memory
E0827 13:44:32.429766 2333580 cuda_event.cc:50] Error destroying CUDA event: CUDA_ERROR_OUT_OF_MEMORY: out of memory
E0827 13:44:32.429793 2333580 cuda_event.cc:50] Error destroying CUDA event: CUDA_ERROR_OUT_OF_MEMORY: out of memory
E0827 13:44:32.429796 2333580 cuda_event.cc:50] Error destroying CUDA event: CUDA_ERROR_OUT_OF_MEMORY: out of memory
E0827 13:44:32.429800 2333580 cuda_event.cc:50] Error destroying CUDA event: CUDA_ERROR_OUT_OF_MEMORY: out of memory
E0827 13:44:32.429804 2333580 cuda_event.cc:50] Error destroying CUDA event: CUDA_ERROR_OUT_OF_MEMORY: out of memory
E0827 13:44:32.429816 2333580 cuda_event.cc:50] Error destroying CUDA event: CUDA_ERROR_OUT_OF_MEMORY: out of memory
E0827 13:44:32.429818 2333580 cuda_event.cc:50] Error destroying CUDA event: CUDA_ERROR_OUT_OF_MEMORY: out of memory
E0827 13:44:32.429825 2333580 cuda_event.cc:50] Error destroying CUDA event: CUDA_ERROR_OUT_OF_MEMORY: out of memory
E0827 13:44:32.429828 2333580 cuda_event.cc:50] Error destroying CUDA event: CUDA_ERROR_OUT_OF_MEMORY: out of memory
E0827 13:44:32.429830 2333580 cuda_event.cc:50] Error destroying CUDA event: CUDA_ERROR_OUT_OF_MEMORY: out of memory
E0827 13:44:32.429832 2333580 cuda_event.cc:50] Error destroying CUDA event: CUDA_ERROR_OUT_OF_MEMORY: out of memory
E0827 13:44:32.429836 2333580 cuda_event.cc:50] Error destroying CUDA event: CUDA_ERROR_OUT_OF_MEMORY: out of memory
E0827 13:44:32.429838 2333580 cuda_event.cc:50] Error destroying CUDA event: CUDA_ERROR_OUT_OF_MEMORY: out of memory
E0827 13:44:32.429841 2333580 cuda_event.cc:50] Error destroying CUDA event: CUDA_ERROR_OUT_OF_MEMORY: out of memory
E0827 13:44:32.429848 2333580 cuda_event.cc:50] Error destroying CUDA event: CUDA_ERROR_OUT_OF_MEMORY: out of memory
E0827 13:44:32.429856 2333580 cuda_event.cc:50] Error destroying CUDA event: CUDA_ERROR_OUT_OF_MEMORY: out of memory
E0827 13:44:32.429858 2333580 cuda_event.cc:50] Error destroying CUDA event: CUDA_ERROR_OUT_OF_MEMORY: out of memory
E0827 13:44:32.429864 2333580 cuda_event.cc:50] Error destroying CUDA event: CUDA_ERROR_OUT_OF_MEMORY: out of memory
E0827 13:44:32.429868 2333580 cuda_event.cc:50] Error destroying CUDA event: CUDA_ERROR_OUT_OF_MEMORY: out of memory
E0827 13:44:32.429870 2333580 cuda_event.cc:50] Error destroying CUDA event: CUDA_ERROR_OUT_OF_MEMORY: out of memory
E0827 13:44:32.429872 2333580 cuda_event.cc:50] Error destroying CUDA event: CUDA_ERROR_OUT_OF_MEMORY: out of memory
E0827 13:44:32.429876 2333580 cuda_event.cc:50] Error destroying CUDA event: CUDA_ERROR_OUT_OF_MEMORY: out of memory
E0827 13:44:32.429889 2333580 cuda_event.cc:50] Error destroying CUDA event: CUDA_ERROR_OUT_OF_MEMORY: out of memory
E0827 13:44:32.429891 2333580 cuda_event.cc:50] Error destroying CUDA event: CUDA_ERROR_OUT_OF_MEMORY: out of memory
E0827 13:44:32.429898 2333580 cuda_event.cc:50] Error destroying CUDA event: CUDA_ERROR_OUT_OF_MEMORY: out of memory
E0827 13:44:32.429901 2333580 cuda_event.cc:50] Error destroying CUDA event: CUDA_ERROR_OUT_OF_MEMORY: out of memory
E0827 13:44:32.429903 2333580 cuda_event.cc:50] Error destroying CUDA event: CUDA_ERROR_OUT_OF_MEMORY: out of memory
E0827 13:44:32.429905 2333580 cuda_event.cc:50] Error destroying CUDA event: CUDA_ERROR_OUT_OF_MEMORY: out of memory
E0827 13:44:32.429907 2333580 cuda_event.cc:50] Error destroying CUDA event: CUDA_ERROR_OUT_OF_MEMORY: out of memory
E0827 13:44:32.429916 2333580 cuda_event.cc:50] Error destroying CUDA event: CUDA_ERROR_OUT_OF_MEMORY: out of memory
E0827 13:44:32.429919 2333580 cuda_event.cc:50] Error destroying CUDA event: CUDA_ERROR_OUT_OF_MEMORY: out of memory
E0827 13:44:32.429921 2333580 cuda_event.cc:50] Error destroying CUDA event: CUDA_ERROR_OUT_OF_MEMORY: out of memory
E0827 13:44:32.429923 2333580 cuda_event.cc:50] Error destroying CUDA event: CUDA_ERROR_OUT_OF_MEMORY: out of memory
E0827 13:44:32.429925 2333580 cuda_event.cc:50] Error destroying CUDA event: CUDA_ERROR_OUT_OF_MEMORY: out of memory
E0827 13:44:32.429928 2333580 cuda_event.cc:50] Error destroying CUDA event: CUDA_ERROR_OUT_OF_MEMORY: out of memory
E0827 13:44:32.429930 2333580 cuda_event.cc:50] Error destroying CUDA event: CUDA_ERROR_OUT_OF_MEMORY: out of memory
E0827 13:44:32.429933 2333580 cuda_event.cc:50] Error destroying CUDA event: CUDA_ERROR_OUT_OF_MEMORY: out of memory
E0827 13:44:32.429935 2333580 cuda_event.cc:50] Error destroying CUDA event: CUDA_ERROR_OUT_OF_MEMORY: out of memory
E0827 13:44:32.429938 2333580 cuda_event.cc:50] Error destroying CUDA event: CUDA_ERROR_OUT_OF_MEMORY: out of memory
E0827 13:44:32.429941 2333580 cuda_event.cc:50] Error destroying CUDA event: CUDA_ERROR_OUT_OF_MEMORY: out of memory
E0827 13:44:32.430268 2333580 cuda_device_allocator.cc:302] [0] Failed to synchronize before device memory deallocation at 0x1200000000: RESOURCE_EXHAUSTED: : CUDA_ERROR_OUT_OF_MEMORY: out of memory
E0827 13:44:32.431813 2333580 cuda_device_allocator.cc:302] [0] Failed to synchronize before device memory deallocation at 0x1200800000: RESOURCE_EXHAUSTED: : CUDA_ERROR_OUT_OF_MEMORY: out of memory
E0827 13:44:32.432177 2333580 cuda_device_allocator.cc:302] [0] Failed to synchronize before device memory deallocation at 0x1202000000: RESOURCE_EXHAUSTED: : CUDA_ERROR_OUT_OF_MEMORY: out of memory
E0827 13:44:32.432523 2333580 cuda_device_allocator.cc:302] [0] Failed to synchronize before device memory deallocation at 0x1204000000: RESOURCE_EXHAUSTED: : CUDA_ERROR_OUT_OF_MEMORY: out of memory
E0827 13:44:32.432841 2333580 cuda_device_allocator.cc:302] [0] Failed to synchronize before device memory deallocation at 0x1206000000: RESOURCE_EXHAUSTED: : CUDA_ERROR_OUT_OF_MEMORY: out of memory
E0827 13:44:32.433185 2333580 cuda_device_allocator.cc:302] [0] Failed to synchronize before device memory deallocation at 0x120a000000: RESOURCE_EXHAUSTED: : CUDA_ERROR_OUT_OF_MEMORY: out of memory
E0827 13:44:32.433711 2333580 cuda_device_allocator.cc:302] [0] Failed to synchronize before device memory deallocation at 0x121a000000: RESOURCE_EXHAUSTED: : CUDA_ERROR_OUT_OF_MEMORY: out of memory
E0827 13:44:32.434084 2333580 cuda_device_allocator.cc:302] [0] Failed to synchronize before device memory deallocation at 0x122a000000: RESOURCE_EXHAUSTED: : CUDA_ERROR_OUT_OF_MEMORY: out of memory
E0827 13:44:32.434575 2333580 cuda_device_allocator.cc:302] [0] Failed to synchronize before device memory deallocation at 0x12aa000000: RESOURCE_EXHAUSTED: : CUDA_ERROR_OUT_OF_MEMORY: out of memory
E0827 13:44:32.435079 2333580 cuda_device_allocator.cc:302] [0] Failed to synchronize before device memory deallocation at 0x132a000000: RESOURCE_EXHAUSTED: : CUDA_ERROR_OUT_OF_MEMORY: out of memory
E0827 13:44:32.435777 2333580 cuda_device_allocator.cc:302] [0] Failed to synchronize before device memory deallocation at 0x1412000000: RESOURCE_EXHAUSTED: : CUDA_ERROR_OUT_OF_MEMORY: out of memory
E0827 13:44:32.443969 2333580 cuda_host_allocator.cc:107] [0] Failed to free host memory at 0x204e00000: RESOURCE_EXHAUSTED: : CUDA_ERROR_OUT_OF_MEMORY: out of memory
E0827 13:44:32.444018 2333580 cuda_host_allocator.cc:107] [0] Failed to free host memory at 0x205600000: RESOURCE_EXHAUSTED: : CUDA_ERROR_OUT_OF_MEMORY: out of memory
E0827 13:44:32.444125 2333580 cuda_host_allocator.cc:107] [0] Failed to free host memory at 0x207600000: RESOURCE_EXHAUSTED: : CUDA_ERROR_OUT_OF_MEMORY: out of memory
Command exited with non-zero status 1
	Command being timed: "/home/user/miniconda3/envs/jax-fem-gpu/bin/python -m jax_fem_am.simulation.runner --config /home/user/work/159/output/v2_cube_smoke_smoke2/preflight/material_config.json --inp /home/user/work/159/output/v2_cube_smoke_smoke2/preflight/v2_cube_smoke_c3d8.inp --path-file /home/user/work/159/output/v2_cube_smoke_smoke2/preflight/v2_cube_smoke_path.csv --path-length-scale 1.0 --build-axis z --base-side min --layer-thickness 0.0002 --layers 5 --support-thickness 0.0016 --layer-activation-mode layer_on_scan --layer-activation-geometry centroid --future-layer-mode void --active-window-below-layers 0 --inactive-mass-factor 1.0 --powder-mode powder --surface-selection exterior --boundary-tol 1.0e-6 --quadrature-order 2 --thermal-mass-lumping --source-model legacy --beam-radius 0.0002 --source-depth 0.000125935 --source-depth-cutoff 0.000199 --source-cutoff-renormalize --laser-power 140 --absorptivity 0.62 --dt 0.000307692307692 --recoat-time 0 --solidus-temperature 10000 --liquidus-temperature 10000 --latent-heat 0 --phase-history-model legacy_reset --stress-relaxation-temperature 1273.15 --reset-activation-temperature --activation-reset-temperature 353.15 --ambient 313 --preheat-temperature 353.15 --bottom-thermal-bc fixed --bottom-temperature 353.15 --cooling-steps 60 --cooling-dt 10 --mechanics-model j2_plastic --bottom-mechanics-bc fixed --mechanics-every 100 --mechanics-rel-tol 5e-05 --mechanics-acceptance abaqus --mechanics-max-iter 50 --mechanics-max-cuts 3 --mechanics-temperature-floor 293.15 --thermal-output-every 650 --mechanics-output-every 100 --summary-every 50 --xla-platform cpu --xla-preallocate off --xla-linear-solver pardiso --xla-pardiso-mode phase23 --mechanics-line-search --release-after-cooling --release-anchor-mode rigid_body --release-cut-box 0 0.008 0 0.008 0 0.0016 --inp /home/user/work/159/output/v2_cube_prod_memprobe/v2_cube_prod_graded_c3d8.inp --path-file /home/user/work/159/output/v2_cube_prod_memprobe/path_probe.csv --layers 50 --support-thickness 6.0e-3 --dt 0.1 --mechanics-every 1 --cooling-steps 1 --cooling-dt 10.0 --release-after-cooling --release-anchor-mode rigid_body --release-cut-box 0 30.0e-3 0 30.0e-3 0 6.0e-3 --thermal-output-every 100000 --mechanics-output-every 100000 --summary-every 1 --xla-platform gpu --xla-cell-target-batch-size 32768 --output-dir /home/user/work/159/output/v2_cube_prod_memprobe/run --profile-json /home/user/work/159/output/v2_cube_prod_memprobe/run/profile.json --profile-label cube-prod-memprobe"
	User time (seconds): 13526.98
	System time (seconds): 327.92
	Percent of CPU this job got: 1345%
	Elapsed (wall clock) time (h:mm:ss or m:ss): 17:10.02
	Average shared text size (kbytes): 0
	Average unshared data size (kbytes): 0
	Average stack size (kbytes): 0
	Average total size (kbytes): 0
	Maximum resident set size (kbytes): 39772092
	Average resident set size (kbytes): 0
	Major (requiring I/O) page faults: 354548
	Minor (reclaiming a frame) page faults: 22529059
	Voluntary context switches: 955873
	Involuntary context switches: 28633
	Swaps: 0
	File system inputs: 16461075
	File system outputs: 624656
	Socket messages sent: 0
	Socket messages received: 0
	Signals delivered: 0
	Page size (bytes): 4096
	Exit status: 1
